Month,MilesMM
1963-01-01,6827.0
1963-01-02,6775.328886151812
1963-01-03,6725.739828738871
1963-01-04,6678.197708562657
1963-01-05,6632.702525623168
1963-01-06,6589.254279920405
1963-01-07,6547.852971454366
1963-01-08,6508.498600225051
1963-01-09,6471.191166232463
1963-01-10,6435.9306694766
1963-01-11,6402.717109957462
1963-01-12,6371.550487675049
1963-01-13,6342.430802629362
1963-01-14,6315.3580548204
1963-01-15,6290.332244248163
1963-01-16,6267.353370912651
1963-01-17,6246.421434813864
1963-01-18,6227.5364359518035
1963-01-19,6210.698374326466
1963-01-20,6195.907249937855
1963-01-21,6183.163062785969
1963-01-22,6172.46581287081
1963-01-23,6163.815500192373
1963-01-24,6157.212124750663
1963-01-25,6152.655686545678
1963-01-26,6150.146185577419
1963-01-27,6149.683621845884
1963-01-28,6151.267995351074
1963-01-29,6154.899306092991
1963-01-30,6160.577554071632
1963-01-31,6168.302739286999
1963-02-01,6178.0
1963-02-02,6189.893921427907
1963-02-03,6203.7599183534485
1963-02-04,6219.672852515716
1963-02-05,6237.632723914707
1963-02-06,6257.639532550425
1963-02-07,6279.693278422868
1963-02-08,6303.793961532036
1963-02-09,6329.94158187793
1963-02-10,6358.136139460549
1963-02-11,6388.377634279892
1963-02-12,6420.666066335962
1963-02-13,6455.001435628755
1963-02-14,6491.383742158276
1963-02-15,6529.812985924518
1963-02-16,6569.275459599249
1963-02-17,6608.757455854226
1963-02-18,6648.2589746894455
1963-02-19,6687.780016104913
1963-02-20,6727.320580100625
1963-02-21,6766.880666676585
1963-02-22,6806.460275832789
1963-02-23,6846.059407569239
1963-02-24,6885.678061885935
1963-02-25,6925.316238782878
1963-02-26,6964.973938260065
1963-02-27,7004.651160317497
1963-02-28,7044.347904955174
1963-03-01,7084.0
1963-03-02,7123.79996197127
1963-03-03,7163.5552743496855
1963-03-04,7203.330109308347
1963-03-05,7243.124466847254
1963-03-06,7282.938346966406
1963-03-07,7322.771749665806
1963-03-08,7362.624674945451
1963-03-09,7402.497122805342
1963-03-10,7442.389093245477
1963-03-11,7482.300586265857
1963-03-12,7522.231601866486
1963-03-13,7562.18214004736
1963-03-14,7602.152200808478
1963-03-15,7642.141784149842
1963-03-16,7682.150890071452
1963-03-17,7722.009593680254
1963-03-18,7760.698345617911
1963-03-19,7798.047220991376
1963-03-20,7834.056219800643
1963-03-21,7868.725342045713
1963-03-22,7902.054587726586
1963-03-23,7934.043956843264
1963-03-24,7964.693449395744
1963-03-25,7994.003065384028
1963-03-26,8021.972804808116
1963-03-27,8048.602667668006
1963-03-28,8073.892653963701
1963-03-29,8097.842763695199
1963-03-30,8120.452996862503
1963-03-31,8141.72335346561
1963-04-01,8162.0
1963-04-02,8180.24443697923
1963-04-03,8197.495163889746
1963-04-04,8213.406014236067
1963-04-05,8227.976988018188
1963-04-06,8241.208085236116
1963-04-07,8253.099305889846
1963-04-08,8263.65064997938
1963-04-09,8272.862117504717
1963-04-10,8280.733708465857
1963-04-11,8287.265422862802
1963-04-12,8292.457260695552
1963-04-13,8296.309221964102
1963-04-14,8298.821306668457
1963-04-15,8299.993514808617
1963-04-16,8299.825846384578
1963-04-17,8299.766832575842
1963-04-18,8301.26500456191
1963-04-19,8304.320362342778
1963-04-20,8308.93290591845
1963-04-21,8315.10263528892
1963-04-22,8322.829550454197
1963-04-23,8332.113651414273
1963-04-24,8342.95493816915
1963-04-25,8355.353410718832
1963-04-26,8369.30906906331
1963-04-27,8384.821913202595
1963-04-28,8401.891943136681
1963-04-29,8420.519158865569
1963-04-30,8440.703560389258
1963-05-01,8462.0
1963-05-02,8485.743920821044
1963-05-03,8510.599879729138
1963-05-04,8537.013024432035
1963-05-05,8564.983354929733
1963-05-06,8594.510871222234
1963-05-07,8625.595573309536
1963-05-08,8658.237461191642
1963-05-09,8692.436534868546
1963-05-10,8728.192794340255
1963-05-11,8765.506239606764
1963-05-12,8804.376870668077
1963-05-13,8844.80468752419
1963-05-14,8886.789690175106
1963-05-15,8930.331878620824
1963-05-16,8975.431252861345
1963-05-17,9021.811946632159
1963-05-18,9067.818762346227
1963-05-19,9113.175833739047
1963-05-20,9157.883160810614
1963-05-21,9201.940743560932
1963-05-22,9245.348581989992
1963-05-23,9288.106676097808
1963-05-24,9330.21502588437
1963-05-25,9371.67363134968
1963-05-26,9412.482492493742
1963-05-27,9452.641609316548
1963-05-28,9492.150981818104
1963-05-29,9531.01060999841
1963-05-30,9569.220493857463
1963-05-31,9606.780633395267
1963-06-01,9644.0
1963-06-02,9679.951679507116
1963-06-03,9715.562586081165
1963-06-04,9750.523748333962
1963-06-05,9784.835166265508
1963-06-06,9818.496839875803
1963-06-07,9851.508769164846
1963-06-08,9883.870954132637
1963-06-09,9915.583394779178
1963-06-10,9946.646091104467
1963-06-11,9977.059043108504
1963-06-12,10006.82225079129
1963-06-13,10035.935714152827
1963-06-14,10064.39943319311
1963-06-15,10092.213407912142
1963-06-16,10119.377638309925
1963-06-17,10145.968885529675
1963-06-18,10172.063910714616
1963-06-19,10197.662713864751
1963-06-20,10222.765294980074
1963-06-21,10247.37165406059
1963-06-22,10271.481791106296
1963-06-23,10295.095706117196
1963-06-24,10318.213399093285
1963-06-25,10340.834870034563
1963-06-26,10362.960118941037
1963-06-27,10384.589145812699
1963-06-28,10405.721950649553
1963-06-29,10426.358533451597
1963-06-30,10446.498894218834
1963-07-01,10466.0
1963-07-02,10485.29094964888
1963-07-03,10503.94264431169
1963-07-04,10522.098116939693
1963-07-05,10539.757367532882
1963-07-06,10556.920396091267
1963-07-07,10573.58720261484
1963-07-08,10589.757787103606
1963-07-09,10605.432149557564
1963-07-10,10620.610289976712
1963-07-11,10635.29220836105
1963-07-12,10649.47790471058
1963-07-13,10663.1673790253
1963-07-14,10676.360631305215
1963-07-15,10689.05766155032
1963-07-16,10701.258469760614
1963-07-17,10712.878780149567
1963-07-18,10723.412937997964
1963-07-19,10732.77666751927
1963-07-20,10740.96996871349
1963-07-21,10747.992841580619
1963-07-22,10753.84528612066
1963-07-23,10758.52730233361
1963-07-24,10762.038890219472
1963-07-25,10764.380049778245
1963-07-26,10765.550781009926
1963-07-27,10765.55108391452
1963-07-28,10764.380958492024
1963-07-29,10762.04040474244
1963-07-30,10758.529422665766
1963-07-31,10753.848012262002
1963-08-01,10748.0
1963-08-02,10740.973906473206
1963-08-03,10732.781211088175
1963-08-04,10723.418087376052
1963-08-05,10712.884535336843
1963-08-06,10701.180554970546
1963-08-07,10688.306146277155
1963-08-08,10674.261309256677
1963-08-09,10659.04604390911
1963-08-10,10642.660350234451
1963-08-11,10625.104228232707
1963-08-12,10606.37767790387
1963-08-13,10586.480699247946
1963-08-14,10565.413292264933
1963-08-15,10543.175456954828
1963-08-16,10519.767193317637
1963-08-17,10495.164427843296
1963-08-18,10469.222719471454
1963-08-19,10441.91799469205
1963-08-20,10413.25025350509
1963-08-21,10383.219495910571
1963-08-22,10351.82572190849
1963-08-23,10319.068931498852
1963-08-24,10284.94912468165
1963-08-25,10249.466301456892
1963-08-26,10212.620461824572
1963-08-27,10174.411605784693
1963-08-28,10134.839733337254
1963-08-29,10093.904844482257
1963-08-30,10051.606939219699
1963-08-31,10007.946017549582
1963-09-01,9963.0
1963-09-02,9916.535124986667
1963-09-03,9868.78515409387
1963-09-04,9819.672166793516
1963-09-05,9769.196163085599
1963-09-06,9717.357142970122
1963-09-07,9664.155106447088
1963-09-08,9609.590053516491
1963-09-09,9553.661984178336
1963-09-10,9496.370898432622
1963-09-11,9437.716796279346
1963-09-12,9377.699677718512
1963-09-13,9316.31954275012
1963-09-14,9253.576391374165
1963-09-15,9189.470223590653
1963-09-16,9124.00103939958
1963-09-17,9058.126956747014
1963-09-18,8992.806093579018
1963-09-19,8928.038449895595
1963-09-20,8863.824025696744
1963-09-21,8800.162820982465
1963-09-22,8737.054835752759
1963-09-23,8674.500070007623
1963-09-24,8612.49852374706
1963-09-25,8551.050196971068
1963-09-26,8490.155089679649
1963-09-27,8429.813201872801
1963-09-28,8370.024533550526
1963-09-29,8310.789084712822
1963-09-30,8252.106855359689
1963-10-01,8194.0
1963-10-02,8136.402055107143
1963-10-03,8079.379484207726
1963-10-04,8022.910132792882
1963-10-05,7966.994000862609
1963-10-06,7911.631088416909
1963-10-07,7856.821395455781
1963-10-08,7802.564921979224
1963-10-09,7748.86166798724
1963-10-10,7695.711633479827
1963-10-11,7643.114818456985
1963-10-12,7591.0712229187175
1963-10-13,7539.580846865021
1963-10-14,7488.643690295896
1963-10-15,7438.259753211343
1963-10-16,7388.4290356113615
1963-10-17,7339.340675811301
1963-10-18,7292.129503703244
1963-10-19,7246.984657602542
1963-10-20,7203.906137509192
1963-10-21,7162.893943423195
1963-10-22,7123.948075344551
1963-10-23,7087.06853327326
1963-10-24,7052.255317209324
1963-10-25,7019.508427152739
1963-10-26,6988.827863103508
1963-10-27,6960.2136250616295
1963-10-28,6933.665713027105
1963-10-29,6909.184126999934
1963-10-30,6886.768866980115
1963-10-31,6866.4199329676485
1963-11-01,6848.0
1963-11-02,6831.9210429647765
1963-11-03,6817.7710869743705
1963-11-04,6805.687456991318
1963-11-05,6795.670153015618
1963-11-06,6787.719175047271
1963-11-07,6781.834523086278
1963-11-08,6778.016197132636
1963-11-09,6776.264197186349
1963-11-10,6776.578523247414
1963-11-11,6778.959175315832
1963-11-12,6783.406153391605
1963-11-13,6789.919457474729
1963-11-14,6798.499087565207
1963-11-15,6809.145043663038
1963-11-16,6821.857325768223
1963-11-17,6835.598500292115
1963-11-18,6849.33113364607
1963-11-19,6863.055225830089
1963-11-20,6876.77077684417
1963-11-21,6890.477786688315
1963-11-22,6904.176255362524
1963-11-23,6917.866182866795
1963-11-24,6931.54756920113
1963-11-25,6945.220414365526
1963-11-26,6958.884718359987
1963-11-27,6972.540481184511
1963-11-28,6986.187702839098
1963-11-29,6999.826383323747
1963-11-30,7013.456522638459
1963-12-01,7027.0
1963-12-02,7040.691177758076
1963-12-03,7054.295693562979
1963-12-04,7067.891668197944
1963-12-05,7081.479101662972
1963-12-06,7095.057993958066
1963-12-07,7108.628345083219
1963-12-08,7122.190155038438
1963-12-09,7135.743423823719
1963-12-10,7149.288151439065
1963-12-11,7162.82433788447
1963-12-12,7176.351983159942
1963-12-13,7189.871087265476
1963-12-14,7203.381650201073
1963-12-15,7216.883671966732
1963-12-16,7230.377152562456
1963-12-17,7243.678300384779
1963-12-18,7255.684365812907
1963-12-19,7266.211557243378
1963-12-20,7275.259874676191
1963-12-21,7282.829318111346
1963-12-22,7288.919887548844
1963-12-23,7293.531582988681
1963-12-24,7296.664404430863
1963-12-25,7298.318351875387
1963-12-26,7298.493425322253
1963-12-27,7297.18962477146
1963-12-28,7294.406950223009
1963-12-29,7290.145401676901
1963-12-30,7284.404979133135
1963-12-31,7277.185682591713
1964-01-01,7269.0
1964-01-02,7258.310467515891
1964-01-03,7246.6545489814935
1964-01-04,7233.519756449437
1964-01-05,7218.906089919725
1964-01-06,7202.813549392355
1964-01-07,7185.242134867324
1964-01-08,7166.191846344636
1964-01-09,7145.662683824294
1964-01-10,7123.654647306292
1964-01-11,7100.16773679063
1964-01-12,7075.201952277312
1964-01-13,7048.757293766335
1964-01-14,7020.833761257702
1964-01-15,6991.431354751408
1964-01-16,6960.55007424746
1964-01-17,6928.721077393573
1964-01-18,6899.131310076073
1964-01-19,6872.311929942679
1964-01-20,6848.262936993396
1964-01-21,6826.984331228218
1964-01-22,6808.476112647148
1964-01-23,6792.738281250187
1964-01-24,6779.770837037333
1964-01-25,6769.573780008586
1964-01-26,6762.147110163947
1964-01-27,6757.490827503417
1964-01-28,6755.604932026992
1964-01-29,6756.489423734676
1964-01-30,6760.144302626469
1964-01-31,6766.569568702367
1964-02-01,6775.0
1964-02-02,6787.73126240649
1964-02-03,6802.467690034711
1964-02-04,6819.974504847041
1964-02-05,6840.251706843479
1964-02-06,6863.299296024024
1964-02-07,6889.1172723886775
1964-02-08,6917.705635937436
1964-02-09,6949.064386670307
1964-02-10,6983.193524587283
1964-02-11,7020.093049688367
1964-02-12,7059.762961973556
1964-02-13,7102.203261442855
1964-02-14,7147.41394809626
1964-02-15,7195.395021933776
1964-02-16,7245.636177074099
1964-02-17,7295.075578229447
1964-02-18,7343.2029195185205
1964-02-19,7390.018200941322
1964-02-20,7435.521422497849
1964-02-21,7479.712584188102
1964-02-22,7522.591686012081
1964-02-23,7564.158727969785
1964-02-24,7604.413710061217
1964-02-25,7643.3566322863735
1964-02-26,7680.987494645257
1964-02-27,7717.306297137868
1964-02-28,7752.313039764203
1964-02-29,7786.007722524265
1964-03-01,7819.0
1964-03-02,7849.460908445568
1964-03-03,7879.219411606809
1964-03-04,7907.665854901775
1964-03-05,7934.800238330468
1964-03-06,7960.622561892888
1964-03-07,7985.132825589033
1964-03-08,8008.331029418905
1964-03-09,8030.217173382502
1964-03-10,8050.7912574798265
1964-03-11,8070.053281710876
1964-03-12,8088.003246075652
1964-03-13,8104.641150574155
1964-03-14,8119.966995206383
1964-03-15,8133.9807799723385
1964-03-16,8146.682504872019
1964-03-17,8158.280047131423
1964-03-18,8170.020670106522
1964-03-19,8182.1122510233145
1964-03-20,8194.5547898818
1964-03-21,8207.348286681978
1964-03-22,8220.49274142385
1964-03-23,8233.988154107412
1964-03-24,8247.83452473267
1964-03-25,8262.031853299617
1964-03-26,8276.580139808262
1964-03-27,8291.479384258595
1964-03-28,8306.729586650623
1964-03-29,8322.330746984342
1964-03-30,8338.282865259756
1964-03-31,8354.58594147686
1964-04-01,8371.0
1964-04-02,8388.24496773615
1964-04-03,8405.600917778333
1964-04-04,8423.307825762211
1964-04-05,8441.365691687779
1964-04-06,8459.774515555042
1964-04-07,8478.534297363996
1964-04-08,8497.645037114644
1964-04-09,8517.106734806983
1964-04-10,8536.919390441017
1964-04-11,8557.083004016742
1964-04-12,8577.597575534159
1964-04-13,8598.46310499327
1964-04-14,8619.679592394074
1964-04-15,8641.247037736572
1964-04-16,8663.165441020761
1964-04-17,8685.590061083189
1964-04-18,8708.676156760403
1964-04-19,8732.4237280524
1964-04-20,8756.83277495918
1964-04-21,8781.90329748075
1964-04-22,8807.635295617103
1964-04-23,8834.028769368242
1964-04-24,8861.083718734164
1964-04-25,8888.80014371487
1964-04-26,8917.178044310362
1964-04-27,8946.21742052064
1964-04-28,8975.918272345702
1964-04-29,9006.280599785548
1964-04-30,9037.30440284018
1964-05-01,9069.0
1964-05-02,9101.336435793799
1964-05-03,9134.344665692786
1964-05-04,9168.014371206558
1964-05-05,9202.345552335115
1964-05-06,9237.338209078456
1964-05-07,9272.992341436582
1964-05-08,9309.307949409493
1964-05-09,9346.28503299719
1964-05-10,9383.92359219967
1964-05-11,9422.223627016934
1964-05-12,9461.185137448987
1964-05-13,9500.808123495823
1964-05-14,9541.092585157443
1964-05-15,9582.038522433848
1964-05-16,9623.64593532504
1964-05-17,9665.778192513153
1964-05-18,9707.615506091019
1964-05-19,9749.021244740774
1964-05-20,9789.995408462422
1964-05-21,9830.53799725596
1964-05-22,9870.649011121386
1964-05-23,9910.328450058705
1964-05-24,9949.576314067914
1964-05-25,9988.392603149015
1964-05-26,10026.777317302005
1964-05-27,10064.730456526886
1964-05-28,10102.252020823656
1964-05-29,10139.34201019232
1964-05-30,10176.00042463287
1964-05-31,10212.227264145313
1964-06-01,10248.0
1964-06-02,10283.38621838587
1964-06-03,10318.318333113984
1964-06-04,10352.81887291399
1964-06-05,10386.887837785885
1964-06-06,10420.52522772967
1964-06-07,10453.731042745349
1964-06-08,10486.505282832914
1964-06-09,10518.847947992372
1964-06-10,10550.75903822372
1964-06-11,10582.238553526955
1964-06-12,10613.286493902086
1964-06-13,10643.902859349106
1964-06-14,10674.087649868015
1964-06-15,10703.840865458817
1964-06-16,10733.162506121507
1964-06-17,10761.646652664922
1964-06-18,10788.887385897891
1964-06-19,10814.884705820416
1964-06-20,10839.6386124325
1964-06-21,10863.149105734137
1964-06-22,10885.416185725333
1964-06-23,10906.439852406082
1964-06-24,10926.220105776389
1964-06-25,10944.75694583625
1964-06-26,10962.050372585669
1964-06-27,10978.100386024642
1964-06-28,10992.906986153172
1964-06-29,11006.470172971256
1964-06-30,11018.789946478897
1964-07-01,11030.0
1964-07-02,11039.699253562849
1964-07-03,11048.288787139158
1964-07-04,11055.634907405023
1964-07-05,11061.737614360443
1964-07-06,11066.59690800542
1964-07-07,11070.212788339955
1964-07-08,11072.585255364043
1964-07-09,11073.714309077688
1964-07-10,11073.599949480891
1964-07-11,11072.242176573645
1964-07-12,11069.64099035596
1964-07-13,11065.796390827829
1964-07-14,11060.708377989253
1964-07-15,11054.376951840235
1964-07-16,11046.80211238077
1964-07-17,11038.114621974906
1964-07-18,11029.099054806884
1964-07-19,11019.88617324075
1964-07-20,11010.475977276497
1964-07-21,11000.868466914133
1964-07-22,10991.063642153653
1964-07-23,10981.061502995059
1964-07-24,10970.86204943835
1964-07-25,10960.465281483528
1964-07-26,10949.87119913059
1964-07-27,10939.07980237954
1964-07-28,10928.09109123037
1964-07-29,10916.905065683088
1964-07-30,10905.521725737693
1964-07-31,10893.941071394183
1964-08-01,10882.0
1964-08-02,10870.187819512821
1964-08-03,10858.015221974965
1964-08-04,10845.645310038995
1964-08-05,10833.078083704913
1964-08-06,10820.313542972719
1964-08-07,10807.351687842405
1964-08-08,10794.19251831398
1964-08-09,10780.83603438744
1964-08-10,10767.282236062783
1964-08-11,10753.531123340013
1964-08-12,10739.58269621913
1964-08-13,10725.43695470013
1964-08-14,10711.093898783016
1964-08-15,10696.55352846779
1964-08-16,10681.815843754448
1964-08-17,10666.791098987896
1964-08-18,10650.94082023758
1964-08-19,10634.175261848399
1964-08-20,10616.49442382036
1964-08-21,10597.898306153458
1964-08-22,10578.386908847695
1964-08-23,10557.960231903075
1964-08-24,10536.61827531959
1964-08-25,10514.361039097246
1964-08-26,10491.188523236038
1964-08-27,10467.100727735971
1964-08-28,10442.097652597044
1964-08-29,10416.179297819253
1964-08-30,10389.345663402604
1964-08-31,10361.596749347093
1964-09-01,10333.0
1964-09-02,10303.353082319483
1964-09-03,10272.858329347391
1964-09-04,10241.448296736438
1964-09-05,10209.12298448662
1964-09-06,10175.882392597943
1964-09-07,10141.726521070403
1964-09-08,10106.655369904005
1964-09-09,10070.668939098743
1964-09-10,10033.767228654622
1964-09-11,9995.950238571637
1964-09-12,9957.217968849794
1964-09-13,9917.57041948909
1964-09-14,9877.007590489524
1964-09-15,9835.529481851096
1964-09-16,9793.136093573808
1964-09-17,9750.100849693943
1964-09-18,9706.697174247787
1964-09-19,9662.925067235343
1964-09-20,9618.784528656604
1964-09-21,9574.275558511576
1964-09-22,9529.398156800256
1964-09-23,9484.152323522645
1964-09-24,9438.538058678743
1964-09-25,9392.555362268551
1964-09-26,9346.204234292067
1964-09-27,9299.48467474929
1964-09-28,9252.396683640225
1964-09-29,9204.940260964866
1964-09-30,9157.115406723218
1964-10-01,9109.0
1964-10-02,9060.360403541048
1964-10-03,9011.430254600526
1964-10-04,8962.131674093715
1964-10-05,8912.464662020608
1964-10-06,8862.429218381214
1964-10-07,8812.025343175528
1964-10-08,8761.253036403548
1964-10-09,8710.11229806528
1964-10-10,8658.603128160721
1964-10-11,8606.725526689868
1964-10-12,8554.479493652729
1964-10-13,8501.865029049295
1964-10-14,8448.882132879571
1964-10-15,8395.530805143555
1964-10-16,8341.81104584125
1964-10-17,8287.985939073198
1964-10-18,8235.63398944268
1964-10-19,8185.018281050237
1964-10-20,8136.1388138958755
1964-10-21,8088.995587979591
1964-10-22,8043.588603301383
1964-10-23,7999.917859861255
1964-10-24,7957.9833576592055
1964-10-25,7917.785096695235
1964-10-26,7879.323076969342
1964-10-27,7842.597298481524
1964-10-28,7807.607761231788
1964-10-29,7774.35446522013
1964-10-30,7742.837410446548
1964-10-31,7713.056596911046
1964-11-01,7685.0
1964-11-02,7658.703693554276
1964-11-03,7634.131603733008
1964-11-04,7611.295755149818
1964-11-05,7590.196147804708
1964-11-06,7570.832781697674
1964-11-07,7553.205656828721
1964-11-08,7537.314773197842
1964-11-09,7523.160130805043
1964-11-10,7510.7417296503245
1964-11-11,7500.05956973368
1964-11-12,7491.113651055117
1964-11-13,7483.9039736146315
1964-11-14,7478.430537412224
1964-11-15,7474.693342447896
1964-11-16,7472.692388721644
1964-11-17,7472.211497275114
1964-11-18,7473.034489149948
1964-11-19,7475.161364346146
1964-11-20,7478.592122863708
1964-11-21,7483.326764702632
1964-11-22,7489.3652898629225
1964-11-23,7496.707698344577
1964-11-24,7505.353990147592
1964-11-25,7515.304165271974
1964-11-26,7526.55822371772
1964-11-27,7539.116165484828
1964-11-28,7552.977990573301
1964-11-29,7568.143698983137
1964-11-30,7584.613290714336
1964-12-01,7602.0
1964-12-02,7621.46412414083
1964-12-03,7641.845365836122
1964-12-04,7663.530490852778
1964-12-05,7686.519499190797
1964-12-06,7710.81239085018
1964-12-07,7736.409165830929
1964-12-08,7763.309824133041
1964-12-09,7791.514365756515
1964-12-10,7821.022790701355
1964-12-11,7851.835098967556
1964-12-12,7883.951290555125
1964-12-13,7917.371365464056
1964-12-14,7952.09532369435
1964-12-15,7988.123165246008
1964-12-16,8025.454890119032
1964-12-17,8063.621326511998
1964-12-18,8099.807443616368
1964-12-19,8133.544069630725
1964-12-20,8164.8312045550665
1964-12-21,8193.668848389392
1964-12-22,8220.057001133704
1964-12-23,8243.995662788002
1964-12-24,8265.484833352284
1964-12-25,8284.524512826552
1964-12-26,8301.114701210803
1964-12-27,8315.255398505044
1964-12-28,8326.946604709265
1964-12-29,8336.188319823474
1964-12-30,8342.980543847667
1964-12-31,8347.323276781844
1965-01-01,8350.0
1965-01-02,8348.660269380158
1965-01-03,8345.654529044292
1965-01-04,8340.19929761841
1965-01-05,8332.294575102513
1965-01-06,8321.940361496603
1965-01-07,8309.136656800678
1965-01-08,8293.883461014735
1965-01-09,8276.180774138782
1965-01-10,8256.028596172811
1965-01-11,8233.426927116827
1965-01-12,8208.375766970827
1965-01-13,8180.8751157348115
1965-01-14,8150.924973408781
1965-01-15,8118.525339992737
1965-01-16,8083.676215486677
1965-01-17,8047.0403015197535
1965-01-18,8012.59380786687
1965-01-19,7980.999436157177
1965-01-20,7952.257186390676
1965-01-21,7926.367058567365
1965-01-22,7903.329052687246
1965-01-23,7883.143168750318
1965-01-24,7865.809406756581
1965-01-25,7851.327766706033
1965-01-26,7839.698248598676
1965-01-27,7830.920852434512
1965-01-28,7824.995578213538
1965-01-29,7821.922425935756
1965-01-30,7821.701395601164
1965-01-31,7824.332487209762
1965-02-01,7829.0
1965-02-02,7838.151036256531
1965-02-03,7849.338493694704
1965-02-04,7863.378073076067
1965-02-05,7880.269774400621
1965-02-06,7900.013597668363
1965-02-07,7922.6095428793
1965-02-08,7948.057610033426
1965-02-09,7976.357799130744
1965-02-10,8007.510110171252
1965-02-11,8041.514543154951
1965-02-12,8078.371098081841
1965-02-13,8118.079774951922
1965-02-14,8160.640573765195
1965-02-15,8206.053494521657
1965-02-16,8252.722829453516
1965-02-17,8299.052870792973
1965-02-18,8345.04361854003
1965-02-19,8390.695072694687
1965-02-20,8436.007233256945
1965-02-21,8480.980100226801
1965-02-22,8525.613673604257
1965-02-23,8569.907953389313
1965-02-24,8613.86293958197
1965-02-25,8657.478632182227
1965-02-26,8700.75503119008
1965-02-27,8743.692136605534
1965-02-28,8786.289948428588
1965-03-01,8829.0
1965-03-02,8870.467691297497
1965-03-03,8912.04762234335
1965-03-04,8953.288259796802
1965-03-05,8994.189603657856
1965-03-06,9034.751653926509
1965-03-07,9074.97441060276
1965-03-08,9114.857873686615
1965-03-09,9154.402043178065
1965-03-10,9193.606919077116
1965-03-11,9232.472501383765
1965-03-12,9270.998790098016
1965-03-13,9309.185785219868
1965-03-14,9347.033486749317
1965-03-15,9384.541894686367
1965-03-16,9421.711009031014
1965-03-17,9458.517711900877
1965-03-18,9494.823296001605
1965-03-19,9530.604643450817
1965-03-20,9565.861754248514
1965-03-21,9600.594628394687
1965-03-22,9634.803265889343
1965-03-23,9668.48766673248
1965-03-24,9701.647830924101
1965-03-25,9734.2837584642
1965-03-26,9766.395449352785
1965-03-27,9797.982903589847
1965-03-28,9829.046121175394
1965-03-29,9859.585102109422
1965-03-30,9889.599846391931
1965-03-31,9919.090354022921
1965-04-01,9948.0
1965-04-02,9976.498659330347
1965-04-03,10004.41645700678
1965-04-04,10031.8100180317
1965-04-05,10058.679342405096
1965-04-06,10085.024430126974
1965-04-07,10110.845281197337
1965-04-08,10136.141895616178
1965-04-09,10160.914273383503
1965-04-10,10185.162414499307
1965-04-11,10208.886318963594
1965-04-12,10232.085986776363
1965-04-13,10254.761417937614
1965-04-14,10276.912612447344
1965-04-15,10298.539570305558
1965-04-16,10319.642291512253
1965-04-17,10340.508902403286
1965-04-18,10361.427529314513
1965-04-19,10382.398172245932
1965-04-20,10403.420831197547
1965-04-21,10424.495506169356
1965-04-22,10445.62219716136
1965-04-23,10466.800904173557
1965-04-24,10488.031627205946
1965-04-25,10509.314366258532
1965-04-26,10530.64912133131
1965-04-27,10552.035892424281
1965-04-28,10573.47467953745
1965-04-29,10594.96548267081
1965-04-30,10616.508301824364
1965-05-01,10638.0
1965-05-02,10659.749988192058
1965-05-03,10681.448855406194
1965-05-04,10703.199738640526
1965-05-05,10725.00263789505
1965-05-06,10746.857553169768
1965-05-07,10768.764484464682
1965-05-08,10790.723431779788
1965-05-09,10812.73439511509
1965-05-10,10834.797374470585
1965-05-11,10856.912369846272
1965-05-12,10879.079381242158
1965-05-13,10901.298408658235
1965-05-14,10923.569452094505
1965-05-15,10945.89251155097
1965-05-16,10968.26758702763
1965-05-17,10990.610924990657
1965-05-18,11012.420004237081
1965-05-19,11033.611071233083
1965-05-20,11054.18412597866
1965-05-21,11074.139168473806
1965-05-22,11093.476198718527
1965-05-23,11112.195216712822
1965-05-24,11130.296222456693
1965-05-25,11147.779215950135
1965-05-26,11164.644197193153
1965-05-27,11180.891166185742
1965-05-28,11196.520122927905
1965-05-29,11211.531067419643
1965-05-30,11225.923999660954
1965-05-31,11239.698919651839
1965-06-01,11253.0
1965-06-02,11265.39472288233
1965-06-03,11277.315606121936
1965-06-04,11288.618477111117
1965-06-05,11299.303335849869
1965-06-06,11309.370182338196
1965-06-07,11318.819016576097
1965-06-08,11327.649838563571
1965-06-09,11335.862648300621
1965-06-10,11343.45744578724
1965-06-11,11350.434231023435
1965-06-12,11356.793004009203
1965-06-13,11362.533764744549
1965-06-14,11367.656513229467
1965-06-15,11372.161249463956
1965-06-16,11376.04797344802
1965-06-17,11379.600960666528
1965-06-18,11383.10448660435
1965-06-19,11386.55855126149
1965-06-20,11389.96315463795
1965-06-21,11393.31829673372
1965-06-22,11396.623977548808
1965-06-23,11399.880197083214
1965-06-24,11403.086955336932
1965-06-25,11406.244252309965
1965-06-26,11409.352088002319
1965-06-27,11412.410462413985
1965-06-28,11415.41937554497
1965-06-29,11418.378827395267
1965-06-30,11421.28881796488
1965-07-01,11424.0
1965-07-02,11426.960415262058
1965-07-03,11429.72202198962
1965-07-04,11432.4341674365
1965-07-05,11435.096851602691
1965-07-06,11437.710074488201
1965-07-07,11440.273836093027
1965-07-08,11442.78813641717
1965-07-09,11445.252975460626
1965-07-10,11447.668353223398
1965-07-11,11450.034269705486
1965-07-12,11452.350724906892
1965-07-13,11454.617718827612
1965-07-14,11456.835251467648
1965-07-15,11459.003322827
1965-07-16,11461.12193290567
1965-07-17,11463.089695741444
1965-07-18,11464.298295561055
1965-07-19,11464.646346402296
1965-07-20,11464.133848265166
1965-07-21,11462.760801149667
1965-07-22,11460.527205055792
1965-07-23,11457.433059983548
1965-07-24,11453.478365932933
1965-07-25,11448.663122903947
1965-07-26,11442.987330896589
1965-07-27,11436.450989910862
1965-07-28,11429.054099946758
1965-07-29,11420.796661004284
1965-07-30,11411.678673083443
1965-07-31,11401.70013618423
1965-08-01,11391.0
1965-08-02,11379.161415450686
1965-08-03,11366.601231616356
1965-08-04,11353.180498803655
1965-08-05,11338.899217012584
1965-08-06,11323.757386243142
1965-08-07,11307.755006495327
1965-08-08,11290.892077769142
1965-08-09,11273.168600064586
1965-08-10,11254.584573381657
1965-08-11,11235.139997720356
1965-08-12,11214.834873080687
1965-08-13,11193.669199462645
1965-08-14,11171.642976866231
1965-08-15,11148.756205291447
1965-08-16,11125.00888473829
1965-08-17,11100.439712595673
1965-08-18,11075.280873197067
1965-08-19,11049.571063931387
1965-08-20,11023.31028479863
1965-08-21,10996.498535798795
1965-08-22,10969.135816931885
1965-08-23,10941.222128197898
1965-08-24,10912.757469596834
1965-08-25,10883.741841128693
1965-08-26,10854.175242793473
1965-08-27,10824.05767459118
1965-08-28,10793.38913652181
1965-08-29,10762.169628585361
1965-08-30,10730.399150781835
1965-08-31,10698.077703111234
1965-09-01,10665.0
1965-09-02,10631.7818981688
1965-09-03,10597.807540896973
1965-09-04,10563.282213758064
1965-09-05,10528.205916752078
1965-09-06,10492.578649879017
1965-09-07,10456.40041313888
1965-09-08,10419.671206531664
1965-09-09,10382.391030057373
1965-09-10,10344.559883716003
1965-09-11,10306.17776750756
1965-09-12,10267.244681432037
1965-09-13,10227.76062548944
1965-09-14,10187.725599679765
1965-09-15,10147.139604003012
1965-09-16,10106.002638459184
1965-09-17,10064.193772741279
1965-09-18,10021.592076542296
1965-09-19,9978.197549862238
1965-09-20,9934.010192701104
1965-09-21,9889.030005058892
1965-09-22,9843.256986935603
1965-09-23,9796.69113833124
1965-09-24,9749.332459245798
1965-09-25,9701.18094967928
1965-09-26,9652.236609631685
1965-09-27,9602.499439103014
1965-09-28,9551.969438093267
1965-09-29,9500.646606602442
1965-09-30,9448.53094463054
1965-10-01,9396.0
1965-10-02,9341.92112924351
1965-10-03,9287.426975828379
1965-10-04,9232.139991932172
1965-10-05,9176.060177554888
1965-10-06,9119.187532696527
1965-10-07,9061.522057357091
1965-10-08,9003.063751536576
1965-10-09,8943.812615234987
1965-10-10,8883.768648452318
1965-10-11,8822.931851188576
1965-10-12,8761.302223443756
1965-10-13,8698.87976521786
1965-10-14,8635.664476510887
1965-10-15,8571.656357322836
1965-10-16,8506.855407653711
1965-10-17,8441.691571292797
1965-10-18,8378.744510975825
1965-10-19,8318.444170492083
1965-10-20,8260.790549841573
1965-10-21,8205.783649024295
1965-10-22,8153.423468040248
1965-10-23,8103.710006889432
1965-10-24,8056.643265571847
1965-10-25,8012.223244087494
1965-10-26,7970.449942436372
1965-10-27,7931.3233606184795
1965-10-28,7894.843498633821
1965-10-29,7861.010356482392
1965-10-30,7829.823934164194
1965-10-31,7801.284231679227
1965-11-01,7775.0
1965-11-02,7752.144986208987
1965-11-03,7731.545443223715
1965-11-04,7713.592620071672
1965-11-05,7698.286516752862
1965-11-06,7685.627133267282
1965-11-07,7675.614469614933
1965-11-08,7668.248525795816
1965-11-09,7663.529301809931
1965-11-10,7661.456797657276
1965-11-11,7662.03101333785
1965-11-12,7665.251948851659
1965-11-13,7671.119604198697
1965-11-14,7679.633979378968
1965-11-15,7690.795074392468
1965-11-16,7704.6028892392005
1965-11-17,7719.740418775046
1965-11-18,7734.890657855884
1965-11-19,7750.053606481717
1965-11-20,7765.229264652543
1965-11-21,7780.417632368363
1965-11-22,7795.618709629179
1965-11-23,7810.832496434988
1965-11-24,7826.058992785791
1965-11-25,7841.298198681587
1965-11-26,7856.550114122378
1965-11-27,7871.814739108162
1965-11-28,7887.092073638942
1965-11-29,7902.382117714714
1965-11-30,7917.684871335478
1965-12-01,7933.0
1965-12-02,7948.328507211996
1965-12-03,7963.669389467744
1965-12-04,7979.0229812684875
1965-12-05,7994.389282614224
1965-12-06,8009.768293504954
1965-12-07,8025.160013940678
1965-12-08,8040.564443921397
1965-12-09,8055.98158344711
1965-12-10,8071.411432517818
1965-12-11,8086.853991133516
1965-12-12,8102.309259294212
1965-12-13,8117.7772369999
1965-12-14,8133.2579242505835
1965-12-15,8148.75132104626
1965-12-16,8164.25742738693
1965-12-17,8179.538379898199
1965-12-18,8193.166998333678
1965-12-19,8204.905419318971
1965-12-20,8214.753642854079
1965-12-21,8222.711668939
1965-12-22,8228.779497573738
1965-12-23,8232.957128758288
1965-12-24,8235.244562492653
1965-12-25,8235.641798776833
1965-12-26,8234.148837610825
1965-12-27,8230.765678994634
1965-12-28,8225.492322928256
1965-12-29,8218.328769411692
1965-12-30,8209.275018444943
1965-12-31,8198.331070028009
1966-01-01,8186.0
1966-01-02,8170.7725808435835
1966-01-03,8154.158040076091
1966-01-04,8135.653301858413
1966-01-05,8115.25836619055
1966-01-06,8092.973233072504
1966-01-07,8068.797902504268
1966-01-08,8042.732374485848
1966-01-09,8014.776649017242
1966-01-10,7984.930726098452
1966-01-11,7953.194605729475
1966-01-12,7919.568287910312
1966-01-13,7884.0517726409635
1966-01-14,7846.6450599214295
1966-01-15,7807.34814975171
1966-01-16,7766.161042131805
1966-01-17,7723.702329922524
1966-01-18,7683.683570288735
1966-01-19,7646.723356091249
1966-01-20,7612.8216873300635
1966-01-21,7581.978564005183
1966-01-22,7554.193986116602
1966-01-23,7529.467953664324
1966-01-24,7507.800466648349
1966-01-25,7489.191525068677
1966-01-26,7473.641128925304
1966-01-27,7461.149278218235
1966-01-28,7451.715972947468
1966-01-29,7445.341213113004
1966-01-30,7442.024998714842
1966-01-31,7441.76732975298
1966-02-01,7444.0
1966-02-02,7450.427628138165
1966-02-03,7459.345595485212
1966-02-04,7471.32210826856
1966-02-05,7486.357166488212
1966-02-06,7504.450770144162
1966-02-07,7525.602919236417
1966-02-08,7549.813613764974
1966-02-09,7577.082853729835
1966-02-10,7607.410639130994
1966-02-11,7640.796969968458
1966-02-12,7677.241846242225
1966-02-13,7716.745267952292
1966-02-14,7759.307235098662
1966-02-15,7804.927747681335
1966-02-16,7852.174233104436
1966-02-17,7899.614118772093
1966-02-18,7947.247404684306
1966-02-19,7995.074090841074
1966-02-20,8043.094177242402
1966-02-21,8091.307663888283
1966-02-22,8139.714550778721
1966-02-23,8188.314837913716
1966-02-24,8237.108525293264
1966-02-25,8286.095612917372
1966-02-26,8335.276100786032
1966-02-27,8384.649988899251
1966-02-28,8434.217277257025
1966-03-01,8484.0
1966-03-02,8533.932054706242
1966-03-03,8584.079543797685
1966-03-04,8634.420433133682
1966-03-05,8684.954722714238
1966-03-06,8735.682412539347
1966-03-07,8786.603502609014
1966-03-08,8837.717992923239
1966-03-09,8889.025883482018
1966-03-10,8940.527174285351
1966-03-11,8992.221865333244
1966-03-12,9044.10995662569
1966-03-13,9096.191448162694
1966-03-14,9148.466339944254
1966-03-15,9200.934631970369
1966-03-16,9253.59632424104
1966-03-17,9306.181636668407
1966-03-18,9357.071888725286
1966-03-19,9405.99730032382
1966-03-20,9452.957871464007
1966-03-21,9497.953602145844
1966-03-22,9540.984492369338
1966-03-23,9582.050542134482
1966-03-24,9621.15175144128
1966-03-25,9658.288120289732
1966-03-26,9693.459648679835
1966-03-27,9726.666336611592
1966-03-28,9757.908184085001
1966-03-29,9787.185191100065
1966-03-30,9814.497357656783
1966-03-31,9839.84468375515
1966-04-01,9864.0
1966-04-02,9884.644814576846
1966-04-03,9904.097619300173
1966-04-04,9921.585583565156
1966-04-05,9937.108707371786
1966-04-06,9950.666990720072
1966-04-07,9962.260433610012
1966-04-08,9971.889036041604
1966-04-09,9979.552798014849
1966-04-10,9985.251719529748
1966-04-11,9988.985800586297
1966-04-12,9990.755041184502
1966-04-13,9990.559441324358
1966-04-14,9988.399001005866
1966-04-15,9984.27372022903
1966-04-16,9978.183598993846
1966-04-17,9972.805221615312
1966-04-18,9970.815172408431
1966-04-19,9972.213451373196
1966-04-20,9977.000058509611
1966-04-21,9985.17499381768
1966-04-22,9996.738257297398
1966-04-23,10011.689848948765
1966-04-24,10030.029768771781
1966-04-25,10051.75801676645
1966-04-26,10076.874592932765
1966-04-27,10105.379497270731
1966-04-28,10137.272729780347
1966-04-29,10172.554290461616
1966-04-30,10211.224179314531
1966-05-01,10252.0
1966-05-02,10298.728941535317
1966-05-03,10347.563814903182
1966-05-04,10399.7870164427
1966-05-05,10455.398546153865
1966-05-06,10514.398404036683
1966-05-07,10576.78659009115
1966-05-08,10642.563104317267
1966-05-09,10711.727946715033
1966-05-10,10784.281117284449
1966-05-11,10860.222616025516
1966-05-12,10939.552442938233
1966-05-13,11022.2705980226
1966-05-14,11108.377081278617
1966-05-15,11197.871892706284
1966-05-16,11290.755032305602
1966-05-17,11386.030775337045
1966-05-18,11477.724773363478
1966-05-19,11564.841301645381
1966-05-20,11647.380360182755
1966-05-21,11725.341948975594
1966-05-22,11798.726068023901
1966-05-23,11867.532717327678
1966-05-24,11931.761896886925
1966-05-25,11991.413606701637
1966-05-26,12046.487846771819
1966-05-27,12096.984617097469
1966-05-28,12142.903917678586
1966-05-29,12184.245748515175
1966-05-30,12221.010109607227
1966-05-31,12253.197000954751
1966-06-01,12282.0
1966-06-02,12303.838374416202
1966-06-03,12322.29285653013
1966-06-04,12336.169868899528
1966-06-05,12345.469411524391
1966-06-06,12350.191484404724
1966-06-07,12350.336087540527
1966-06-08,12345.903220931796
1966-06-09,12336.892884578534
1966-06-10,12323.305078480738
1966-06-11,12305.139802638412
1966-06-12,12282.397057051556
1966-06-13,12255.076841720165
1966-06-14,12223.179156644244
1966-06-15,12186.704001823793
1966-06-16,12145.65137725881
1966-06-17,12102.940545603544
1966-06-18,12061.490769512242
1966-06-19,12021.30204898491
1966-06-20,11982.374384021541
1966-06-21,11944.70777462214
1966-06-22,11908.302220786707
1966-06-23,11873.15772251524
1966-06-24,11839.274279807738
1966-06-25,11806.651892664204
1966-06-26,11775.290561084636
1966-06-27,11745.190285069033
1966-06-28,11716.3510646174
1966-06-29,11688.77289972973
1966-06-30,11662.455790406026
1966-07-01,11637.0
1966-07-02,11613.604738450524
1966-07-03,11591.070795818721
1966-07-04,11569.797908750887
1966-07-05,11549.786077247016
1966-07-06,11531.03530130711
1966-07-07,11513.545580931175
1966-07-08,11497.316916119205
1966-07-09,11482.349306871201
1966-07-10,11468.642753187167
1966-07-11,11456.197255067093
1966-07-12,11445.012812510991
1966-07-13,11435.089425518854
1966-07-14,11426.427094090683
1966-07-15,11419.025818226479
1966-07-16,11412.88559792624
1966-07-17,11408.101673807352
1966-07-18,11405.24548957412
1966-07-19,11404.41228584392
1966-07-20,11405.602062616757
1966-07-21,11408.81481989263
1966-07-22,11414.050557671539
1966-07-23,11421.309275953481
1966-07-24,11430.590974738465
1966-07-25,11441.89565402648
1966-07-26,11455.223313817532
1966-07-27,11470.573954111624
1966-07-28,11487.947574908747
1966-07-29,11507.344176208906
1966-07-30,11528.763758012105
1966-07-31,11552.206320318337
1966-08-01,11577.0
1966-08-02,11605.160386439911
1966-08-03,11634.671890255251
1966-08-04,11666.206374573627
1966-08-05,11699.76383939504
1966-08-06,11735.344284719491
1966-08-07,11772.947710546974
1966-08-08,11812.574116877495
1966-08-09,11854.223503711053
1966-08-10,11897.895871047644
1966-08-11,11943.591218887272
1966-08-12,11991.30954722994
1966-08-13,12041.05085607564
1966-08-14,12092.815145424378
1966-08-15,12146.60241527615
1966-08-16,12202.41266563096
1966-08-17,12259.252537322789
1966-08-18,12311.161875355565
1966-08-19,12357.147320563276
1966-08-20,12397.208872945916
1966-08-21,12431.346532503492
1966-08-22,12459.560299235996
1966-08-23,12481.850173143437
1966-08-24,12498.216154225809
1966-08-25,12508.65824248311
1966-08-26,12513.176437915345
1966-08-27,12511.770740522512
1966-08-28,12504.441150304612
1966-08-29,12491.187667261645
1966-08-30,12472.01029139361
1966-08-31,12446.909022700505
1966-09-01,12417.0
1966-09-02,12378.934806839092
1966-09-03,12336.061859670788
1966-09-04,12287.265019677414
1966-09-05,12232.54428685897
1966-09-06,12171.899661215462
1966-09-07,12105.331142746883
1966-09-08,12032.838731453237
1966-09-09,11954.422427334524
1966-09-10,11870.082230390743
1966-09-11,11779.818140621892
1966-09-12,11683.630158027976
1966-09-13,11581.518282608991
1966-09-14,11473.48251436494
1966-09-15,11359.52285329582
1966-09-16,11239.639299401633
1966-09-17,11117.862685388956
1966-09-18,10998.22384396437
1966-09-19,10880.722775127872
1966-09-20,10765.359478879462
1966-09-21,10652.133955219142
1966-09-22,10541.046204146915
1966-09-23,10432.096225662775
1966-09-24,10325.284019766725
1966-09-25,10220.609586458764
1966-09-26,10118.072925738892
1966-09-27,10017.67403760711
1966-09-28,9919.412922063419
1966-09-29,9823.289579107815
1966-09-30,9729.304008740302
1966-10-01,9637.0
1966-10-02,9547.746185769543
1966-10-03,9460.173933166298
1966-10-04,9374.739453151145
1966-10-05,9291.442745724078
1966-10-06,9210.283810885101
1966-10-07,9131.262648634216
1966-10-08,9054.379258971418
1966-10-09,8979.633641896711
1966-10-10,8907.025797410091
1966-10-11,8836.555725511562
1966-10-12,8768.223426201124
1966-10-13,8702.028899478773
1966-10-14,8637.972145344513
1966-10-15,8576.053163798342
1966-10-16,8516.271954840262
1966-10-17,8458.882507321612
1966-10-18,8405.408754350434
1966-10-19,8356.10468477807
1966-10-20,8310.970298604525
1966-10-21,8270.005595829794
1966-10-22,8233.210576453876
1966-10-23,8200.585240476776
1966-10-24,8172.129587898488
1966-10-25,8147.843618719016
1966-10-26,8127.727332938361
1966-10-27,8111.780730556518
1966-10-28,8100.0038115734915
1966-10-29,8092.396575989282
1966-10-30,8088.959023803884
1966-10-31,8089.691155017303
1966-11-01,8094.0
1966-11-02,8103.664467640585
1966-11-03,8116.905649050449
1966-11-04,8134.3165138591285
1966-11-05,8155.897062066621
1966-11-06,8181.647293672931
1966-11-07,8211.567208678054
1966-11-08,8245.656807081992
1966-11-09,8283.916088884747
1966-11-10,8326.345054086316
1966-11-11,8372.943702686698
1966-11-12,8423.712034685897
1966-11-13,8478.650050083912
1966-11-14,8537.75774888074
1966-11-15,8601.035131076384
1966-11-16,8668.482196670844
1966-11-17,8736.092944580783
1966-11-18,8799.861373722872
1966-11-19,8859.787484097107
1966-11-20,8915.871275703492
1966-11-21,8968.112748542022
1966-11-22,9016.511902612701
1966-11-23,9061.068737915528
1966-11-24,9101.783254450504
1966-11-25,9138.655452217625
1966-11-26,9171.685331216895
1966-11-27,9200.872891448313
1966-11-28,9226.21813291188
1966-11-29,9247.721055607593
1966-11-30,9265.381659535453
1966-12-01,9280.0
1966-12-02,9289.175911087621
1966-12-03,9295.309558711924
1966-12-04,9297.600887568378
1966-12-05,9296.049897656976
1966-12-06,9290.656588977727
1966-12-07,9281.42096153062
1966-12-08,9268.343015315664
1966-12-09,9251.422750332857
1966-12-10,9230.660166582196
1966-12-11,9206.05526406368
1966-12-12,9177.608042777318
1966-12-13,9145.318502723097
1966-12-14,9109.18664390103
1966-12-15,9069.212466311108
1966-12-16,9025.395969953333
1966-12-17,8978.290948437447
1966-12-18,8931.220163421869
1966-12-19,8884.737408516341
1966-12-20,8838.84268372087
1966-12-21,8793.535989035441
1966-12-22,8748.817324460064
1966-12-23,8704.68668999474
1966-12-24,8661.144085639464
1966-12-25,8618.189511394237
1966-12-26,8575.822967259062
1966-12-27,8534.044453233937
1966-12-28,8492.853969318861
1966-12-29,8452.251515513837
1966-12-30,8412.23709181886
1966-12-31,8372.810698233936
1967-01-01,8334.0
1967-01-02,8295.722001394237
1967-01-03,8258.059698139461
1967-01-04,8220.985424994735
1967-01-05,8184.499181960062
1967-01-06,8148.600969035438
1967-01-07,8113.290786220863
1967-01-08,8078.568633516338
1967-01-09,8044.434510921865
1967-01-10,8010.888418437442
1967-01-11,7977.930356063067
1967-01-12,7945.560323798743
1967-01-13,7913.778321644469
1967-01-14,7882.584349600245
1967-01-15,7851.978407666071
1967-01-16,7821.960495841949
1967-01-17,7793.028436563003
1967-01-18,7768.169164440011
1967-01-19,7747.880501908102
1967-01-20,7732.162448967273
1967-01-21,7721.015005617527
1967-01-22,7714.438171858862
1967-01-23,7712.431947691279
1967-01-24,7714.996333114779
1967-01-25,7722.131328129361
1967-01-26,7733.836932735022
1967-01-27,7750.113146931766
1967-01-28,7770.959970719591
1967-01-29,7796.377404098499
1967-01-30,7826.365447068489
1967-01-31,7860.924099629559
1967-02-01,7899.0
1967-02-02,7943.753233524946
1967-02-03,7992.023714859263
1967-02-04,8044.864805784662
1967-02-05,8102.276506301142
1967-02-06,8164.258816408702
1967-02-07,8230.811736107345
1967-02-08,8301.935265397069
1967-02-09,8377.629404277879
1967-02-10,8457.894152749766
1967-02-11,8542.729510812736
1967-02-12,8632.13547846679
1967-02-13,8726.112055711921
1967-02-14,8824.659242548138
1967-02-15,8927.777038975435
1967-02-16,9031.085120688567
1967-02-17,9130.203163382284
1967-02-18,9225.131167056586
1967-02-19,9315.869131711477
1967-02-20,9402.417057346953
1967-02-21,9484.774943963015
1967-02-22,9562.94279155966
1967-02-23,9636.920600136897
1967-02-24,9706.708369694717
1967-02-25,9772.306100233127
1967-02-26,9833.713791752118
1967-02-27,9890.931444251697
1967-02-28,9943.95905773186
1967-03-01,9994.0
1967-03-02,10037.44416763395
1967-03-03,10077.901664055873
1967-03-04,10114.169121458383
1967-03-05,10146.246539841479
1967-03-06,10174.13391920516
1967-03-07,10197.831259549428
1967-03-08,10217.338560874285
1967-03-09,10232.655823179726
1967-03-10,10243.783046465753
1967-03-11,10250.720230732364
1967-03-12,10253.467375979564
1967-03-13,10252.024482207351
1967-03-14,10246.39154941572
1967-03-15,10236.56857760468
1967-03-16,10222.555566774221
1967-03-17,10205.028742674554
1967-03-18,10188.04545980686
1967-03-19,10172.281943921349
1967-03-20,10157.73819501802
1967-03-21,10144.414213096867
1967-03-22,10132.309998157894
1967-03-23,10121.4255502011
1967-03-24,10111.760869226486
1967-03-25,10103.315955234051
1967-03-26,10096.090808223797
1967-03-27,10090.085428195722
1967-03-28,10085.299815149825
1967-03-29,10081.73396908611
1967-03-30,10079.387890004575
1967-03-31,10078.261577905216
1967-04-01,10078.0
1967-04-02,10079.668254653037
1967-04-03,10082.201243500218
1967-04-04,10085.95399932958
1967-04-05,10090.926522141117
1967-04-06,10097.118811934837
1967-04-07,10104.530868710735
1967-04-08,10113.162692468813
1967-04-09,10123.01428320907
1967-04-10,10134.08564093151
1967-04-11,10146.376765636123
1967-04-12,10159.887657322919
1967-04-13,10174.618315991895
1967-04-14,10190.568741643048
1967-04-15,10207.738934276382
1967-04-16,10226.128893891897
1967-04-17,10246.41989709319
1967-04-18,10269.293220483863
1967-04-19,10294.748864063915
1967-04-20,10322.786827833348
1967-04-21,10353.407111792158
1967-04-22,10386.609715940354
1967-04-23,10422.394640277926
1967-04-24,10460.761884804875
1967-04-25,10501.711449521208
1967-04-26,10545.24333442692
1967-04-27,10591.35753952201
1967-04-28,10640.054064806483
1967-04-29,10691.332910280335
1967-04-30,10745.194075943564
1967-05-01,10801.0
1967-05-02,10860.663367838166
1967-05-03,10922.271494069535
1967-05-04,10986.461940490286
1967-05-05,11053.234707100415
1967-05-06,11122.589793899924
1967-05-07,11194.527200888817
1967-05-08,11269.046928067084
1967-05-09,11346.148975434733
1967-05-10,11425.833342991762
1967-05-11,11508.100030738171
1967-05-12,11592.949038673962
1967-05-13,11680.38036679913
1967-05-14,11770.394015113678
1967-05-15,11862.989983617605
1967-05-16,11958.168272310913
1967-05-17,12055.009830284816
1967-05-18,12148.000352086596
1967-05-19,12236.220786807471
1967-05-20,12319.671134447444
1967-05-21,12398.35139500651
1967-05-22,12472.261568484664
1967-05-23,12541.401654881918
1967-05-24,12605.771654198263
1967-05-25,12665.371566433701
1967-05-26,12720.201391588238
1967-05-27,12770.261129661863
1967-05-28,12815.550780654587
1967-05-29,12856.070344566402
1967-05-30,12891.819821397312
1967-05-31,12922.799211147316
1967-06-01,12950.0
1967-06-02,12970.447729404603
1967-06-03,12987.11685791189
1967-06-04,12999.015899338268
1967-06-05,13006.144853683742
1967-06-06,13008.503720948309
1967-06-07,13006.092501131972
1967-06-08,12998.911194234726
1967-06-09,12986.959800256578
1967-06-10,12970.238319197522
1967-06-11,12948.746751057555
1967-06-12,12922.485095836688
1967-06-13,12891.453353534915
1967-06-14,12855.651524152234
1967-06-15,12815.079607688647
1967-06-16,12769.737604144155
1967-06-17,12722.759537840644
1967-06-18,12677.279433099999
1967-06-19,12633.297289922224
1967-06-20,12590.813108307319
1967-06-21,12549.826888255278
1967-06-22,12510.338629766109
1967-06-23,12472.348332839805
1967-06-24,12435.85599747637
1967-06-25,12400.861623675804
1967-06-26,12367.365211438108
1967-06-27,12335.366760763276
1967-06-28,12304.866271651315
1967-06-29,12275.863744102222
1967-06-30,12248.359178115992
1967-07-01,12222.0
1967-07-02,12197.84393083215
1967-07-03,12174.83324953453
1967-07-04,12153.320529799777
1967-07-05,12133.30577162789
1967-07-06,12114.788975018875
1967-07-07,12097.770139972727
1967-07-08,12082.249266489449
1967-07-09,12068.226354569037
1967-07-10,12055.701404211493
1967-07-11,12044.674415416815
1967-07-12,12035.14538818501
1967-07-13,12027.11432251607
1967-07-14,12020.58121841
1967-07-15,12015.546075866798
1967-07-16,12012.008894886461
1967-07-17,12010.060844898142
1967-07-18,12010.248942476685
1967-07-19,12012.664357051244
1967-07-20,12017.307088621817
1967-07-21,12024.177137188399
1967-07-22,12033.274502750995
1967-07-23,12044.599185309602
1967-07-24,12058.151184864224
1967-07-25,12073.930501414856
1967-07-26,12091.9371349615
1967-07-27,12112.17108550416
1967-07-28,12134.632353042827
1967-07-29,12159.320937577508
1967-07-30,12186.236839108205
1967-07-31,12215.380057634913
1967-08-01,12246.0
1967-08-02,12280.348445676364
1967-08-03,12316.173615191106
1967-08-04,12354.226101701859
1967-08-05,12394.505905208629
1967-08-06,12437.013025711412
1967-08-07,12481.747463210202
1967-08-08,12528.709217705009
1967-08-09,12577.898289195826
1967-08-10,12629.314677682654
1967-08-11,12682.9583831655
1967-08-12,12738.829405644356
1967-08-13,12796.927745119221
1967-08-14,12857.2534015901
1967-08-15,12919.806375056993
1967-08-16,12984.586665519897
1967-08-17,13050.507651625905
1967-08-18,13111.04960525757
1967-08-19,13165.125905061986
1967-08-20,13212.73655103915
1967-08-21,13253.881543189063
1967-08-22,13288.560881511727
1967-08-23,13316.774566007141
1967-08-24,13338.522596675302
1967-08-25,13353.804973516213
1967-08-26,13362.621696529874
1967-08-27,13364.972765716282
1967-08-28,13360.85818107544
1967-08-29,13350.27794260735
1967-08-30,13333.232050312006
1967-08-31,13309.720504189414
1967-09-01,13281.0
1967-09-02,13243.30045046247
1967-09-03,13200.391942858127
1967-09-04,13151.017781426533
1967-09-05,13095.177966167685
1967-09-06,13032.872497081586
1967-09-07,12964.101374168238
1967-09-08,12888.864597427639
1967-09-09,12807.162166859789
1967-09-10,12718.994082464687
1967-09-11,12624.360344242337
1967-09-12,12523.260952192733
1967-09-13,12415.69590631588
1967-09-14,12301.665206611775
1967-09-15,12181.168853080424
1967-09-16,12054.206845721817
1967-09-17,11925.19122803398
1967-09-18,11798.534043514937
1967-09-19,11674.235292164683
1967-09-20,11552.294973983218
1967-09-21,11432.713088970546
1967-09-22,11315.489637126662
1967-09-23,11200.624618451573
1967-09-24,11088.11803294527
1967-09-25,10977.96988060776
1967-09-26,10870.18016143904
1967-09-27,10764.748875439109
1967-09-28,10661.676022607971
1967-09-29,10560.961602945623
1967-09-30,10462.605616452065
1967-10-01,10366.0
1967-10-02,10272.968942971322
1967-10-03,10181.688255984134
1967-10-04,10092.766002165741
1967-10-05,10006.202181516133
1967-10-06,9921.99679403532
1967-10-07,9840.149839723295
1967-10-08,9760.661318580062
1967-10-09,9683.531230605618
1967-10-10,9608.759575799968
1967-10-11,9536.346354163104
1967-10-12,9466.291565695037
1967-10-13,9398.595210395755
1967-10-14,9333.257288265264
1967-10-15,9270.277799303565
1967-10-16,9209.656743510657
1967-10-17,9151.571046520638
1967-10-18,9097.082262138085
1967-10-19,9046.367315997108
1967-10-20,8999.426208097697
1967-10-21,8956.258938439852
1967-10-22,8916.865507023578
1967-10-23,8881.245913848874
1967-10-24,8849.400158915736
1967-10-25,8821.32824222417
1967-10-26,8797.030163774172
1967-10-27,8776.50592356574
1967-10-28,8759.755521598878
1967-10-29,8746.778957873588
1967-10-30,8737.576232389863
1967-10-31,8732.14734514771
1967-11-01,8730.0
1967-11-02,8732.611085388107
1967-11-03,8738.503712870659
1967-11-04,8748.17017859478
1967-11-05,8761.610482560469
1967-11-06,8778.824624767727
1967-11-07,8799.812605216555
1967-11-08,8824.57442390695
1967-11-09,8853.110080838916
1967-11-10,8885.41957601245
1967-11-11,8921.50290942755
1967-11-12,8961.360081084222
1967-11-13,9004.991090982461
1967-11-14,9052.39593912227
1967-11-15,9103.57462550365
1967-11-16,9158.527150126596
1967-11-17,9213.597931047827
1967-11-18,9265.131386324058
1967-11-19,9313.12751595529
1967-11-20,9357.58631994152
1967-11-21,9398.507798282753
1967-11-22,9435.891950978985
1967-11-23,9469.738778030218
1967-11-24,9500.048279436449
1967-11-25,9526.820455197681
1967-11-26,9550.055305313916
1967-11-27,9569.752829785146
1967-11-28,9585.913028611381
1967-11-29,9598.535901792613
1967-11-30,9607.621449328844
1967-12-01,9614.0
1967-12-02,9615.180567466312
1967-12-03,9613.654138067546
1967-12-04,9608.59038302378
1967-12-05,9599.989302335014
1967-12-06,9587.850896001248
1967-12-07,9572.175164022483
1967-12-08,9552.962106398718
1967-12-09,9530.211723129953
1967-12-10,9503.924014216187
1967-12-11,9474.098979657421
1967-12-12,9440.736619453659
1967-12-13,9403.836933604893
1967-12-14,9363.399922111128
1967-12-15,9319.425584972365
1967-12-16,9271.9139221886
1967-12-17,9221.49810845425
1967-12-18,9171.977191935788
1967-12-19,9123.984347327632
1967-12-20,9077.51957462978
1967-12-21,9032.582873842226
1967-12-22,8989.17424496498
1967-12-23,8947.293687998033
1967-12-24,8906.941202941392
1967-12-25,8868.116789795055
1967-12-26,8830.820448559018
1967-12-27,8795.052179233286
1967-12-28,8760.811981817855
1967-12-29,8728.099856312729
1967-12-30,8696.915802717906
1967-12-31,8667.259821033389
1968-01-01,8639.0
1968-01-02,8612.532073395256
1968-01-03,8587.460307441646
1968-01-04,8563.916613398338
1968-01-05,8541.900991265335
1968-01-06,8521.413441042634
1968-01-07,8502.453962730235
1968-01-08,8485.022556328138
1968-01-09,8469.119221836347
1968-01-10,8454.74395925486
1968-01-11,8441.896768583674
1968-01-12,8430.577649822791
1968-01-13,8420.786602972214
1968-01-14,8412.523628031937
1968-01-15,8405.788725001963
1968-01-16,8400.581893882296
1968-01-17,8397.161073276156
1968-01-18,8397.073894802923
1968-01-19,8400.578297065824
1968-01-20,8407.674280064859
1968-01-21,8418.361843800029
1968-01-22,8432.640988271329
1968-01-23,8450.511713478765
1968-01-24,8471.974019422338
1968-01-25,8497.027906102041
1968-01-26,8525.673373517877
1968-01-27,8557.910421669849
1968-01-28,8593.739050557953
1968-01-29,8633.159260182192
1968-01-30,8676.171050542565
1968-01-31,8722.774421639071
1968-02-01,8772.0
1968-02-02,8826.755906040486
1968-02-03,8884.134019345393
1968-02-04,8945.103713386434
1968-02-05,9009.664988163611
1968-02-06,9077.81784367692
1968-02-07,9149.562279926362
1968-02-08,9224.898296911939
1968-02-09,9303.825894633648
1968-02-10,9386.345073091492
1968-02-11,9472.455832285472
1968-02-12,9562.158172215582
1968-02-13,9655.452092881827
1968-02-14,9752.337594284207
1968-02-15,9852.81467642272
1968-02-16,9955.81492847782
1968-02-17,10054.927885532219
1968-02-18,10149.085136766373
1968-02-19,10238.286682180278
1968-02-20,10322.532521773943
1968-02-21,10401.822655547354
1968-02-22,10476.157083500522
1968-02-23,10545.535805633443
1968-02-24,10609.958821946117
1968-02-25,10669.426132438542
1968-02-26,10723.937737110724
1968-02-27,10773.493635962657
1968-02-28,10818.093828994344
1968-02-29,10857.738316205785
1968-03-01,10894.0
1968-03-02,10922.160173167926
1968-03-03,10946.93754291863
1968-03-04,10966.759206849081
1968-03-05,10981.625164959289
1968-03-06,10991.535417249252
1968-03-07,10996.489963718965
1968-03-08,10996.488804368431
1968-03-09,10991.531939197652
1968-03-10,10981.619368206626
1968-03-11,10966.751091395356
1968-03-12,10946.927108763837
1968-03-13,10922.14742031207
1968-03-14,10892.41202604006
1968-03-15,10857.7209259478
1968-03-16,10818.074120035297
1968-03-17,10774.456751721104
1968-03-18,10732.779681516598
1968-03-19,10694.02805284034
1968-03-20,10658.201865692328
1968-03-21,10625.30112007256
1968-03-22,10595.32581598104
1968-03-23,10568.275953417766
1968-03-24,10544.151532382737
1968-03-25,10522.952552875955
1968-03-26,10504.679014897421
1968-03-27,10489.330918447129
1968-03-28,10476.90826352509
1968-03-29,10467.411050131292
1968-03-30,10460.839278265743
1968-03-31,10457.192947928439
1968-04-01,10455.0
1968-04-02,10458.67661183857
1968-04-03,10463.806606086006
1968-04-04,10471.862041861688
1968-04-05,10482.842919165614
1968-04-06,10496.74923799779
1968-04-07,10513.580998358211
1968-04-08,10533.338200246877
1968-04-09,10556.02084366379
1968-04-10,10581.62892860895
1968-04-11,10610.162455082354
1968-04-12,10641.621423084009
1968-04-13,10676.005832613906
1968-04-14,10713.315683672052
1968-04-15,10753.550976258442
1968-04-16,10796.71171037308
1968-04-17,10840.054898576573
1968-04-18,10880.83755342954
1968-04-19,10919.05967493197
1968-04-20,10954.72126308387
1968-04-21,10987.82231788524
1968-04-22,11018.36283933608
1968-04-23,11046.342827436389
1968-04-24,11071.762282186164
1968-04-25,11094.621203585411
1968-04-26,11114.919591634123
1968-04-27,11132.657446332305
1968-04-28,11147.834767679959
1968-04-29,11160.451555677077
1968-04-30,11170.507810323666
1968-05-01,11179.0
1968-05-02,11182.938719565253
1968-05-03,11185.313374160245
1968-05-04,11185.127495404711
1968-05-05,11182.381083298644
1968-05-06,11177.074137842043
1968-05-07,11169.206659034917
1968-05-08,11158.778646877254
1968-05-09,11145.790101369063
1968-05-10,11130.24102251034
1968-05-11,11112.131410301085
1968-05-12,11091.461264741301
1968-05-13,11068.230585830985
1968-05-14,11042.439373570134
1968-05-15,11014.087627958756
1968-05-16,10983.175348996847
1968-05-17,10950.168737597538
1968-05-18,10917.86499923963
1968-05-19,10886.730334836251
1968-05-20,10856.764744387408
1968-05-21,10827.9682278931
1968-05-22,10800.340785353319
1968-05-23,10773.882416768074
1968-05-24,10748.593122137365
1968-05-25,10724.472901461184
1968-05-26,10701.52175473954
1968-05-27,10679.739681972425
1968-05-28,10659.126683159846
1968-05-29,10639.682758301798
1968-05-30,10621.407907398281
1968-05-31,10604.3021304493
1968-06-01,10588.0
1968-06-02,10573.597798414932
1968-06-03,10559.999243329548
1968-06-04,10547.569762198698
1968-06-05,10536.309355022378
1968-06-06,10526.218021800594
1968-06-07,10517.295762533342
1968-06-08,10509.542577220622
1968-06-09,10502.958465862437
1968-06-10,10497.543428458783
1968-06-11,10493.297465009658
1968-06-12,10490.22057551507
1968-06-13,10488.312759975015
1968-06-14,10487.574018389492
1968-06-15,10488.004350758503
1968-06-16,10489.603757082044
1968-06-17,10492.994753568582
1968-06-18,10498.799856426569
1968-06-19,10507.01906565601
1968-06-20,10517.652381256903
1968-06-21,10530.699803229249
1968-06-22,10546.161331573048
1968-06-23,10564.0369662883
1968-06-24,10584.326707375003
1968-06-25,10607.03055483316
1968-06-26,10632.148508662769
1968-06-27,10659.68056886383
1968-06-28,10689.626735436346
1968-06-29,10721.987008380314
1968-06-30,10756.761387695731
1968-07-01,10794.0
1968-07-02,10833.552465440931
1968-07-03,10875.569163870709
1968-07-04,10919.99996867194
1968-07-05,10966.844879844622
1968-07-06,11016.103897388759
1968-07-07,11067.777021304348
1968-07-08,11121.864251591389
1968-07-09,11178.365588249882
1968-07-10,11237.28103127983
1968-07-11,11298.610580681227
1968-07-12,11362.35423645408
1968-07-13,11428.511998598384
1968-07-14,11497.083867114143
1968-07-15,11568.069842001352
1968-07-16,11641.469923260014
1968-07-17,11716.895155670813
1968-07-18,11792.011807917821
1968-07-19,11866.43092478173
1968-07-20,11940.152506262528
1968-07-21,12013.176552360224
1968-07-22,12085.503063074815
1968-07-23,12157.132038406302
1968-07-24,12228.063478354685
1968-07-25,12298.29738291996
1968-07-26,12367.833752102133
1968-07-27,12436.672585901204
1968-07-28,12504.813884317162
1968-07-29,12572.257647350021
1968-07-30,12639.003874999777
1968-07-31,12705.052567266424
1968-08-01,12770.0
1968-08-02,12835.057345650406
1968-08-03,12899.01343176774
1968-08-04,12962.271982501967
1968-08-05,13024.832997853093
1968-08-06,13086.696477821115
1968-08-07,13147.862422406026
1968-08-08,13208.330831607836
1968-08-09,13268.101705426543
1968-08-10,13327.175043862142
1968-08-11,13385.550846914637
1968-08-12,13443.229114584028
1968-08-13,13500.209846870315
1968-08-14,13556.493043773498
1968-08-15,13612.078705293574
1968-08-16,13666.966831430545
1968-08-17,13720.492382419563
1968-08-18,13768.665119671525
1968-08-19,13810.820003421584
1968-08-20,13846.957033669734
1968-08-21,13877.076210415984
1968-08-22,13901.177533660328
1968-08-23,13919.261003402771
1968-08-24,13931.326619643303
1968-08-25,13937.374382381935
1968-08-26,13937.40429161866
1968-08-27,13931.416347353483
1968-08-28,13919.4105495864
1968-08-29,13901.386898317414
1968-08-30,13877.345393546522
1968-08-31,13847.286035273728
1968-09-01,13812.0
1968-09-02,13769.113758222418
1968-09-03,13721.000839443912
1968-09-04,13666.870067163498
1968-09-05,13606.721441381178
1968-09-06,13540.554962096956
1968-09-07,13468.370629310828
1968-09-08,13390.168443022796
1968-09-09,13305.948403232858
1968-09-10,13215.710509941018
1968-09-11,13119.45476314727
1968-09-12,13017.181162851623
1968-09-13,12908.889709054065
1968-09-14,12794.580401754607
1968-09-15,12674.253240953243
1968-09-16,12547.908226649975
1968-09-17,12419.663654151167
1968-09-18,12293.637818763182
1968-09-19,12169.83072048602
1968-09-20,12048.242359319682
1968-09-21,11928.872735264169
1968-09-22,11811.72184831948
1968-09-23,11696.789698485614
1968-09-24,11584.07628576257
1968-09-25,11473.581610150353
1968-09-26,11365.305671648957
1968-09-27,11259.248470258388
1968-09-28,11155.410005978641
1968-09-29,11053.790278809718
1968-09-30,10954.389288751618
1968-10-01,10857.0
1968-10-02,10762.243519967891
1968-10-03,10669.498741242262
1968-10-04,10578.972699627458
1968-10-05,10490.665395123477
1968-10-06,10404.57682773032
1968-10-07,10320.706997447987
1968-10-08,10239.055904276476
1968-10-09,10159.623548215792
1968-10-10,10082.40992926593
1968-10-11,10007.415047426892
1968-10-12,9934.63890269868
1968-10-13,9864.08149508129
1968-10-14,9795.742824574721
1968-10-15,9729.622891178979
1968-10-16,9665.72169489406
1968-10-17,9604.399129749983
1968-10-18,9547.814559926841
1968-10-19,9496.327879454657
1968-10-20,9449.939088333425
1968-10-21,9408.64818656315
1968-10-22,9372.45517414383
1968-10-23,9341.360051075466
1968-10-24,9315.362817358056
1968-10-25,9294.463472991602
1968-10-26,9278.662017976101
1968-10-27,9267.958452311557
1968-10-28,9262.352775997966
1968-10-29,9261.844989035333
1968-10-30,9266.435091423653
1968-10-31,9276.123083162927
1968-11-01,9290.0
1968-11-02,9310.792734694343
1968-11-03,9335.774394486483
1968-11-04,9365.85394362958
1968-11-05,9401.03138212363
1968-11-06,9441.306709968636
1968-11-07,9486.679927164598
1968-11-08,9537.15103371151
1968-11-09,9592.720029609383
1968-11-10,9653.386914858207
1968-11-11,9719.151689457987
1968-11-12,9790.014353408726
1968-11-13,9865.974906710415
1968-11-14,9947.03334936306
1968-11-15,10033.18968136666
1968-11-16,10124.443902721217
1968-11-17,10215.546933766946
1968-11-18,10301.249694844062
1968-11-19,10381.552185952567
1968-11-20,10456.45440709246
1968-11-21,10525.95635826374
1968-11-22,10590.058039466412
1968-11-23,10648.75945070047
1968-11-24,10702.060591965916
1968-11-25,10749.96146326275
1968-11-26,10792.462064590974
1968-11-27,10829.562395950587
1968-11-28,10861.262457341587
1968-11-29,10887.562248763976
1968-11-30,10908.461770217751
1968-12-01,10925.0
1968-12-02,10934.060003219472
1968-12-03,10938.758714767415
1968-12-04,10938.057156346747
1968-12-05,10931.955327957467
1968-12-06,10920.453229599574
1968-12-07,10903.55086127307
1968-12-08,10881.248222977956
1968-12-09,10853.545314714229
1968-12-10,10820.442136481892
1968-12-11,10781.93868828094
1968-12-12,10738.034970111381
1968-12-13,10688.730981973207
1968-12-14,10634.026723866424
1968-12-15,10573.922195791027
1968-12-16,10508.41739774702
1968-12-17,10438.308081160629
1968-12-18,10368.3687545892
1968-12-19,10299.395169458967
1968-12-20,10231.387325769925
1968-12-21,10164.345223522078
1968-12-22,10098.268862715418
1968-12-23,10033.158243349957
1968-12-24,9969.013365425686
1968-12-25,9905.834228942607
1968-12-26,9843.620833900719
1968-12-27,9782.373180300028
1968-12-28,9722.091268140526
1968-12-29,9662.775097422218
1968-12-30,9604.424668145104
1968-12-31,9547.039980309179
1969-01-01,9491.0
1969-01-02,9435.167828960912
1969-01-03,9380.680365448565
1969-01-04,9327.158643377412
1969-01-05,9274.602662747451
1969-01-06,9223.012423558685
1969-01-07,9172.387925811108
1969-01-08,9122.729169504726
1969-01-09,9074.036154639536
1969-01-10,9026.308881215537
1969-01-11,8979.547349232733
1969-01-12,8933.751558691121
1969-01-13,8888.921509590698
1969-01-14,8845.057201931473
1969-01-15,8802.158635713437
1969-01-16,8760.225810936596
1969-01-17,8719.988243760472
1969-01-18,8685.823031142229
1969-01-19,8658.4596892414
1969-01-20,8637.898218057975
1969-01-21,8624.13861759196
1969-01-22,8617.180887843353
1969-01-23,8617.025028812157
1969-01-24,8623.671040498366
1969-01-25,8637.118922901987
1969-01-26,8657.368676023014
1969-01-27,8684.420299861451
1969-01-28,8718.273794417295
1969-01-29,8758.92915969055
1969-01-30,8806.386395681213
1969-01-31,8860.645502389283
1969-02-01,8919.0
1969-02-02,8989.569327957652
1969-02-03,9064.23404681795
1969-02-04,9145.700636395657
1969-02-05,9233.969096690771
1969-02-06,9329.039427703292
1969-02-07,9430.911629433225
1969-02-08,9539.585701880565
1969-02-09,9655.061645045316
1969-02-10,9777.339458927472
1969-02-11,9906.419143527037
1969-02-12,10042.300698844014
1969-02-13,10184.984124878398
1969-02-14,10334.46942163019
1969-02-15,10490.756589099392
1969-02-16,10644.712441336544
1969-02-17,10787.203792392189
1969-02-18,10918.230642266324
1969-02-19,11037.792990958955
1969-02-20,11145.890838470083
1969-02-21,11242.5241847997
1969-02-22,11327.693029947808
1969-02-23,11401.397373914413
1969-02-24,11463.637216699508
1969-02-25,11514.4125583031
1969-02-26,11553.723398725182
1969-02-27,11581.569737965758
1969-02-28,11597.951576024827
1969-03-01,11607.0
1969-03-02,11596.321748598442
1969-03-03,11578.31008311299
1969-03-04,11548.833916446034
1969-03-05,11507.893248597567
1969-03-06,11455.488079567594
1969-03-07,11391.618409356115
1969-03-08,11316.28423796313
1969-03-09,11229.485565388637
1969-03-10,11131.222391632637
1969-03-11,11021.494716695128
1969-03-12,10900.302540576115
1969-03-13,10767.645863275593
1969-03-14,10623.524684793565
1969-03-15,10467.93900513003
1969-03-16,10300.888824284988
1969-03-17,10125.273946810175
1969-03-18,9958.493200016
1969-03-19,9803.446388454196
1969-03-20,9660.133512124768
1969-03-21,9528.554571027707
1969-03-22,9408.709565163022
1969-03-23,9300.59849453071
1969-03-24,9204.22135913077
1969-03-25,9119.578158963202
1969-03-26,9046.668894028007
1969-03-27,8985.493564325183
1969-03-28,8936.052169854735
1969-03-29,8898.344710616657
1969-03-30,8872.371186610953
1969-03-31,8858.131597837622
1969-04-01,8852.0
1969-04-02,8864.854225988076
1969-04-03,8885.816442911862
1969-04-04,8918.512595068023
1969-04-05,8962.942682456553
1969-04-06,9019.106705077456
1969-04-07,9087.004662930733
1969-04-08,9166.636556016381
1969-04-09,9258.002384334402
1969-04-10,9361.102147884798
1969-04-11,9475.935846667564
1969-04-12,9602.503480682704
1969-04-13,9740.805049930217
1969-04-14,9890.8405544101
1969-04-15,10052.60999412236
1969-04-16,10226.11336906699
1969-04-17,10403.788184750247
1969-04-18,10578.07194667838
1969-04-19,10748.964654851388
1969-04-20,10916.466309269277
1969-04-21,11080.576909932042
1969-04-22,11241.296456839687
1969-04-23,11398.624949992207
1969-04-24,11552.562389389608
1969-04-25,11703.108775031886
1969-04-26,11850.264106919036
1969-04-27,11994.02838505107
1969-04-28,12134.40160942798
1969-04-29,12271.383780049766
1969-04-30,12404.97489691643
1969-05-01,12537.0
1969-05-02,12661.983969384393
1969-05-03,12785.40192498569
1969-05-04,12905.428826831867
1969-05-05,13022.064674922918
1969-05-06,13135.30946925885
1969-05-07,13245.163209839659
1969-05-08,13351.625896665342
1969-05-09,13454.697529735906
1969-05-10,13554.378109051348
1969-05-11,13650.667634611666
1969-05-12,13743.566106416863
1969-05-13,13833.073524466938
1969-05-14,13919.189888761888
1969-05-15,14001.915199301719
1969-05-16,14081.249456086425
1969-05-17,14157.057118871684
1969-05-18,14228.52494619153
1969-05-19,14295.51739780164
1969-05-20,14358.034473702011
1969-05-21,14416.076173892643
1969-05-22,14469.642498373536
1969-05-23,14518.733447144697
1969-05-24,14563.349020206118
1969-05-25,14603.4892175578
1969-05-26,14639.154039199748
1969-05-27,14670.343485131953
1969-05-28,14697.057555354422
1969-05-29,14719.296249867155
1969-05-30,14737.059568670147
1969-05-31,14750.347511763404
1969-06-01,14759.0
1969-06-02,14763.497270820702
1969-06-03,14763.359086784747
1969-06-04,14758.745527039053
1969-06-05,14749.65659158362
1969-06-06,14736.092280418448
1969-06-07,14718.052593543543
1969-06-08,14695.537530958896
1969-06-09,14668.54709266451
1969-06-10,14637.08127866039
1969-06-11,14601.14008894653
1969-06-12,14560.723523522935
1969-06-13,14515.831582389601
1969-06-14,14466.464265546529
1969-06-15,14412.621572993718
1969-06-16,14354.303504731171
1969-06-17,14294.73010757183
1969-06-18,14237.12142832864
1969-06-19,14181.477467001601
1969-06-20,14127.798223590715
1969-06-21,14076.083698095978
1969-06-22,14026.333890517393
1969-06-23,13978.54880085496
1969-06-24,13932.72842910868
1969-06-25,13888.872775278549
1969-06-26,13846.981839364571
1969-06-27,13807.055621366742
1969-06-28,13769.094121285067
1969-06-29,13733.097339119542
1969-06-30,13699.065274870163
1969-07-01,13667.0
1969-07-02,13636.895300119873
1969-07-03,13608.757389618951
1969-07-04,13582.584197034184
1969-07-05,13558.375722365567
1969-07-06,13536.131965613098
1969-07-07,13515.852926776784
1969-07-08,13497.538605856622
1969-07-09,13481.18900285261
1969-07-10,13466.80411776475
1969-07-11,13454.383950593037
1969-07-12,13443.928501337483
1969-07-13,13435.437769998076
1969-07-14,13428.91175657482
1969-07-15,13424.350461067716
1969-07-16,13421.753883476762
1969-07-17,13421.20993284305
1969-07-18,13423.246063413102
1969-07-19,13427.950184228013
1969-07-20,13435.322295287775
1969-07-21,13445.362396592393
1969-07-22,13458.070488141866
1969-07-23,13473.44656993619
1969-07-24,13491.490641975375
1969-07-25,13512.202704259413
1969-07-26,13535.582756788304
1969-07-27,13561.630799562054
1969-07-28,13590.34683258065
1969-07-29,13621.730855844107
1969-07-30,13655.782869352419
1969-07-31,13692.502873105586
1969-08-01,13731.0
1969-08-02,13773.946851346484
1969-08-03,13818.670825834211
1969-08-04,13866.062790566797
1969-08-05,13916.122745544235
1969-08-06,13968.850690766532
1969-08-07,14024.246626233678
1969-08-08,14082.310551945684
1969-08-09,14143.042467902544
1969-08-10,14206.442374104256
1969-08-11,14272.510270550825
1969-08-12,14341.246157242249
1969-08-13,14412.650034178529
1969-08-14,14486.72190135966
1969-08-15,14563.461758785648
1969-08-16,14642.869606456492
1969-08-17,14723.7304697004
1969-08-18,14798.754500486673
1969-08-19,14866.726724143518
1969-08-20,14927.647140670942
1969-08-21,14981.515750068937
1969-08-22,15028.332552337502
1969-08-23,15068.097547476651
1969-08-24,15100.810735486366
1969-08-25,15126.472116366658
1969-08-26,15145.081690117524
1969-08-27,15156.639456738969
1969-08-28,15161.145416230984
1969-08-29,15158.599568593572
1969-08-30,15149.001913826736
1969-08-31,15132.352451930476
1969-09-01,15110.0
1969-09-02,15077.898106749672
1969-09-03,15040.093223465135
1969-09-04,14995.236533051173
1969-09-05,14943.328035507782
1969-09-06,14884.367730834969
1969-09-07,14818.355619032725
1969-09-08,14745.291700101057
1969-09-09,14665.175974039967
1969-09-10,14578.008440849448
1969-09-11,14483.789100529504
1969-09-12,14382.517953080134
1969-09-13,14274.19499850134
1969-09-14,14158.820236793119
1969-09-15,14036.393667955475
1969-09-16,13906.915291988402
1969-09-17,13775.127393546809
1969-09-18,13645.772257285596
1969-09-19,13518.849883204763
1969-09-20,13394.360271304313
1969-09-21,13272.303421584245
1969-09-22,13152.67933404456
1969-09-23,13035.488008685254
1969-09-24,12920.729445506331
1969-09-25,12808.40364450779
1969-09-26,12698.51060568963
1969-09-27,12591.050329051852
1969-09-28,12486.022814594453
1969-09-29,12383.428062317436
1969-09-30,12283.266072220802
1969-10-01,12185.0
1969-10-02,12090.24037856868
1969-10-03,11997.376675013189
1969-10-04,11906.945733638082
1969-10-05,11818.947554443354
1969-10-06,11733.38213742901
1969-10-07,11650.249482595047
1969-10-08,11569.549589941464
1969-10-09,11491.282459468264
1969-10-10,11415.448091175444
1969-10-11,11342.046485063005
1969-10-12,11271.07764113095
1969-10-13,11202.541559379275
1969-10-14,11136.438239807982
1969-10-15,11072.76768241707
1969-10-16,11011.529887206541
1969-10-17,10953.019509742233
1969-10-18,10899.00448341919
1969-10-19,10849.779463803263
1969-10-20,10805.344450894438
1969-10-21,10765.699444692724
1969-10-22,10730.844445198116
1969-10-23,10700.779452410621
1969-10-24,10675.50446633023
1969-10-25,10655.019486956951
1969-10-26,10639.324514290778
1969-10-27,10628.419548331714
1969-10-28,10622.30458907976
1969-10-29,10620.979636534914
1969-10-30,10624.444690697175
1969-10-31,10632.699751566546
1969-11-01,10645.0
1969-11-02,10663.579893426611
1969-11-03,10686.204974417307
1969-11-04,10713.620062115113
1969-11-05,10745.825156520026
1969-11-06,10782.820257632045
1969-11-07,10824.605365451178
1969-11-08,10871.180479977415
1969-11-09,10922.54560121076
1969-11-10,10978.700729151216
1969-11-11,11039.645863798778
1969-11-12,11105.381005153451
1969-11-13,11175.906153215234
1969-11-14,11251.221307984122
1969-11-15,11331.32646946012
1969-11-16,11416.221637643226
1969-11-17,11500.998174681969
1969-11-18,11580.747442724869
1969-11-19,11655.469441771933
1969-11-20,11725.16417182316
1969-11-21,11789.831632878546
1969-11-22,11849.471824938097
1969-11-23,11904.084748001804
1969-11-24,11953.670402069678
1969-11-25,11998.228787141708
1969-11-26,12037.759903217902
1969-11-27,12072.263750298258
1969-11-28,12101.740328382777
1969-11-29,12126.189637471454
1969-11-30,12145.611677564291
1969-12-01,12161.0
1969-12-02,12169.373950762458
1969-12-03,12173.714183867784
1969-12-04,12173.027147977271
1969-12-05,12167.312843090916
1969-12-06,12156.571269208724
1969-12-07,12140.802426330694
1969-12-08,12120.006314456827
1969-12-09,12094.182933587119
1969-12-10,12063.332283721575
1969-12-11,12027.454364860188
1969-12-12,11986.549177002968
1969-12-13,11940.616720149905
1969-12-14,11889.656994301007
1969-12-15,11833.66999945627
1969-12-16,11772.655735615692
1969-12-17,11707.370886209652
1969-12-18,11642.355551820378
1969-12-19,11578.366415878243
1969-12-20,11515.403478383247
1969-12-21,11453.466739335392
1969-12-22,11392.556198734675
1969-12-23,11332.671856581102
1969-12-24,11273.813712874668
1969-12-25,11215.981767615374
1969-12-26,11159.176020803217
1969-12-27,11103.396472438206
1969-12-28,11048.643122520329
1969-12-29,10994.915971049595
1969-12-30,10942.215018026003
1969-12-31,10890.540263449548
1970-01-01,10840.0
1970-01-02,10790.26934963806
1970-01-03,10741.673190403026
1970-01-04,10694.103229615132
1970-01-05,10647.55946727438
1970-01-06,10602.041903380765
1970-01-07,10557.55053793429
1970-01-08,10514.085370934958
1970-01-09,10471.646402382765
1970-01-10,10430.233632277712
1970-01-11,10389.847060619799
1970-01-12,10350.486687409026
1970-01-13,10312.152512645393
1970-01-14,10274.8445363289
1970-01-15,10238.562758459546
1970-01-16,10203.307179037336
1970-01-17,10169.763250343602
1970-01-18,10142.043686066389
1970-01-19,10120.83393848704
1970-01-20,10106.134007605551
1970-01-21,10097.943893421925
1970-01-22,10096.263595936156
1970-01-23,10101.093115148253
1970-01-24,10112.432451058206
1970-01-25,10130.281603666026
1970-01-26,10154.640572971703
1970-01-27,10185.509358975243
1970-01-28,10222.887961676643
1970-01-29,10266.776381075906
1970-01-30,10317.17461717303
1970-01-31,10374.082669968013
1970-02-01,10436.0
1970-02-02,10507.428225651565
1970-02-03,10583.865728540135
1970-02-04,10666.813048126565
1970-02-05,10756.270184410856
1970-02-06,10852.237137393005
1970-02-07,10954.713907073019
1970-02-08,11063.700493450895
1970-02-09,11179.196896526631
1970-02-10,11301.203116300227
1970-02-11,11429.719152771682
1970-02-12,11564.745005941004
1970-02-13,11706.280675808186
1970-02-14,11854.326162373227
1970-02-15,12008.88146563613
1970-02-16,12163.472996637434
1970-02-17,12311.627166417684
1970-02-18,12453.343974976875
1970-02-19,12588.623422315006
1970-02-20,12717.465508432086
1970-02-21,12839.870233328107
1970-02-22,12955.837597003067
1970-02-23,13065.367599456973
1970-02-24,13168.460240689823
1970-02-25,13265.115520701616
1970-02-26,13355.333439492348
1970-02-27,13439.113997062028
1970-02-28,13516.457193410646
1970-03-01,13589.0
1970-03-02,13651.831502444715
1970-03-03,13709.862615130169
1970-03-04,13761.456366594559
1970-03-05,13806.612756837894
1970-03-06,13845.331785860173
1970-03-07,13877.613453661394
1970-03-08,13903.45776024156
1970-03-09,13922.864705600667
1970-03-10,13935.834289738716
1970-03-11,13942.366512655708
1970-03-12,13942.461374351646
1970-03-13,13936.118874826527
1970-03-14,13923.339014080346
1970-03-15,13904.12179211311
1970-03-16,13878.467208924818
1970-03-17,13847.218048760204
1970-03-18,13815.431017087649
1970-03-19,13783.948898151888
1970-03-20,13752.771691952925
1970-03-21,13721.899398490754
1970-03-22,13691.332017765377
1970-03-23,13661.069549776797
1970-03-24,13631.11199452501
1970-03-25,13601.459352010015
1970-03-26,13572.111622231821
1970-03-27,13543.068805190418
1970-03-28,13514.330900885809
1970-03-29,13485.897909317999
1970-03-30,13457.769830486981
1970-03-31,13429.946664392757
1970-04-01,13402.0
1970-04-02,13375.215070414693
1970-04-03,13348.306642530853
1970-04-04,13321.703127383811
1970-04-05,13295.404524973557
1970-04-06,13269.410835300103
1970-04-07,13243.722058363444
1970-04-08,13218.338194163576
1970-04-09,13193.259242700504
1970-04-10,13168.485203974229
1970-04-11,13144.016077984743
1970-04-12,13119.851864732058
1970-04-13,13095.992564216165
1970-04-14,13072.438176437066
1970-04-15,13049.188701394763
1970-04-16,13026.244139089256
1970-04-17,13005.31595502837
1970-04-18,12988.115614719942
1970-04-19,12974.643118163967
1970-04-20,12964.89846536045
1970-04-21,12958.881656309382
1970-04-22,12956.592691010777
1970-04-23,12958.031569464623
1970-04-24,12963.198291670924
1970-04-25,12972.092857629681
1970-04-26,12984.715267340891
1970-04-27,13001.065520804557
1970-04-28,13021.14361802068
1970-04-29,13044.949558989254
1970-04-30,13072.483343710286
1970-05-01,13103.0
1970-05-02,13138.734444409714
1970-05-03,13177.45176038811
1970-05-04,13219.896920118965
1970-05-05,13266.069923602268
1970-05-06,13315.970770838028
1970-05-07,13369.599461826245
1970-05-08,13426.955996566918
1970-05-09,13488.040375060045
1970-05-10,13552.852597305626
1970-05-11,13621.39266330366
1970-05-12,13693.660573054156
1970-05-13,13769.656326557102
1970-05-14,13849.379923812503
1970-05-15,13932.831364820358
1970-05-16,14020.010649580672
1970-05-17,14109.887839473262
1970-05-18,14196.283302777076
1970-05-19,14278.16710087194
1970-05-20,14355.539233757858
1970-05-21,14428.399701434819
1970-05-22,14496.748503902829
1970-05-23,14560.58564116189
1970-05-24,14619.911113212002
1970-05-25,14674.724920053159
1970-05-26,14725.027061685367
1970-05-27,14770.81753810862
1970-05-28,14812.096349322928
1970-05-29,14848.863495328284
1970-05-30,14881.118976124686
1970-05-31,14908.862791712138
1970-06-01,14933.0
1970-06-02,14950.81542726019
1970-06-03,14965.024247220788
1970-06-04,14974.721401972436
1970-06-05,14979.906891515131
1970-06-06,14980.580715848879
1970-06-07,14976.742874973675
1970-06-08,14968.393368889518
1970-06-09,14955.53219759641
1970-06-10,14938.159361094353
1970-06-11,14916.27485938334
1970-06-12,14889.87869246338
1970-06-13,14858.97086033447
1970-06-14,14823.551362996608
1970-06-15,14783.620200449795
1970-06-16,14739.177372694032
1970-06-17,14692.959300136206
1970-06-18,14647.702403183212
1970-06-19,14603.406681835044
1970-06-20,14560.072136091709
1970-06-21,14517.698765953202
1970-06-22,14476.286571419525
1970-06-23,14435.83555249068
1970-06-24,14396.345709166662
1970-06-25,14357.817041447472
1970-06-26,14320.249549333115
1970-06-27,14283.643232823588
1970-06-28,14247.99809191889
1970-06-29,14213.314126619018
1970-06-30,14179.591336923975
1970-07-01,14147.0
1970-07-02,14115.029284348391
1970-07-03,14084.190021467839
1970-07-04,14054.311934192121
1970-07-05,14025.395022521228
1970-07-06,13997.439286455166
1970-07-07,13970.444725993935
1970-07-08,13944.411341137535
1970-07-09,13919.33913188596
1970-07-10,13895.228098239219
1970-07-11,13872.078240197301
1970-07-12,13849.889557760223
1970-07-13,13828.662050927967
1970-07-14,13808.395719700544
1970-07-15,13789.09056407795
1970-07-16,13770.746584060187
1970-07-17,13753.832900207644
1970-07-18,13741.164235882683
1970-07-19,13733.209711645695
1970-07-20,13729.969327496681
1970-07-21,13731.443083435637
1970-07-22,13737.630979462565
1970-07-23,13748.533015577472
1970-07-24,13764.149191780349
1970-07-25,13784.4795080712
1970-07-26,13809.52396445002
1970-07-27,13839.282560916821
1970-07-28,13873.755297471585
1970-07-29,13912.942174114327
1970-07-30,13956.843190845046
1970-07-31,14005.458347663734
1970-08-01,14057.0
1970-08-02,14116.83108156503
1970-08-03,14179.588658647637
1970-08-04,14247.060375818215
1970-08-05,14319.24623307677
1970-08-06,14396.1462304233
1970-08-07,14477.760367857798
1970-08-08,14564.088645380272
1970-08-09,14655.131062990717
1970-08-10,14750.887620689136
1970-08-11,14851.358318475526
1970-08-12,14956.543156349897
1970-08-13,15066.442134312234
1970-08-14,15181.055252362545
1970-08-15,15300.382510500829
1970-08-16,15424.423908727087
1970-08-17,15551.286728137755
1970-08-18,15669.614655311478
1970-08-19,15777.51497134469
1970-08-20,15874.987676237391
1970-08-21,15962.032769989586
1970-08-22,16038.650252601268
1970-08-23,16104.840124072445
1970-08-24,16160.602384403108
1970-08-25,16205.937033593264
1970-08-26,16240.844071642909
1970-08-27,16265.323498552045
1970-08-28,16279.375314320672
1970-08-29,16282.99951894879
1970-08-30,16276.196112436397
1970-08-31,16258.965094783496
1970-09-01,16234.0
1970-09-02,16193.220226056164
1970-09-03,16144.706374981735
1970-09-04,16085.7649127668
1970-09-05,16016.395839411349
1970-09-06,15936.599154915391
1970-09-07,15846.374859278922
1970-09-08,15745.722952501948
1970-09-09,15634.643434584461
1970-09-10,15513.136305526463
1970-09-11,15381.201565327958
1970-09-12,15238.839213988942
1970-09-13,15086.04925150942
1970-09-14,14922.831677889386
1970-09-15,14749.186493128844
1970-09-16,14565.113697227789
1970-09-17,14378.784004965006
1970-09-18,14198.368131119267
1970-09-19,14023.866075690576
1970-09-20,13855.277838678932
1970-09-21,13692.603420084333
1970-09-22,13535.842819906784
1970-09-23,13384.99603814628
1970-09-24,13240.063074802823
1970-09-25,13101.043929876409
1970-09-26,12967.938603367049
1970-09-27,12840.74709527473
1970-09-28,12719.469405599459
1970-09-29,12604.105534341234
1970-09-30,12494.655481500055
1970-10-01,12389.0
1970-10-02,12293.496831068842
1970-10-03,12201.788233478801
1970-10-04,12115.99345430581
1970-10-05,12036.112493549865
1970-10-06,11962.14535121097
1970-10-07,11894.092027289116
1970-10-08,11831.952521784311
1970-10-09,11775.726834696554
1970-10-10,11725.41496602584
1970-10-11,11681.016915772176
1970-10-12,11642.532683935557
1970-10-13,11609.962270515987
1970-10-14,11583.30567551346
1970-10-15,11562.562898927983
1970-10-16,11547.73394075955
1970-10-17,11538.27704524525
1970-10-18,11530.941677807568
1970-10-19,11525.18608268359
1970-10-20,11521.01025987332
1970-10-21,11518.414209376751
1970-10-22,11517.397931193886
1970-10-23,11517.961425324731
1970-10-24,11520.104691769275
1970-10-25,11523.827730527522
1970-10-26,11529.130541599474
1970-10-27,11536.013124985135
1970-10-28,11544.475480684494
1970-10-29,11554.517608697564
1970-10-30,11566.139509024335
1970-10-31,11579.34118166481
1970-11-01,11595.0
1970-11-02,11610.483843886874
1970-11-03,11628.424833468465
1970-11-04,11647.945595363755
1970-11-05,11669.046129572753
1970-11-06,11691.726436095454
1970-11-07,11715.98651493186
1970-11-08,11741.826366081968
1970-11-09,11769.245989545787
1970-11-10,11798.245385323302
1970-11-11,11828.824553414528
1970-11-12,11860.983493819454
1970-11-13,11894.722206538085
1970-11-14,11930.04069157042
1970-11-15,11966.938948916462
1970-11-16,12005.416978576206
1970-11-17,12045.474780549655
1970-11-18,12087.112354836809
1970-11-19,12130.32970143767
1970-11-20,12175.12682035223
1970-11-21,12221.503711580495
1970-11-22,12269.460375122466
1970-11-23,12318.99681097814
1970-11-24,12370.11301914752
1970-11-25,12422.808999630604
1970-11-26,12477.084752427392
1970-11-27,12532.940277537886
1970-11-28,12590.375574962081
1970-11-29,12649.390644699983
1970-11-30,12709.985486751586
1970-12-01,12772.0
